scout_id,match_key,team_number,alliance,driver_station,preloaded_cargo,auto_lower_hub,auto_upper_hub,auto_misses,taxied,auto_shooting_zones,teleop_lower_hub,teleop_upper_hub,teleop_misses,teleop_shooting_zones,attempted_low,attempted_mid,attempted_high,attempted_traversal,climb_time,final_climb_type,defense_pct,defense_rating,counter_defense_pct,counter_defense_rating,driver_rating,auto_notes,teleop_notes,misc_notes
sanjay,qm1,2539,Blue,3,0,0,1,0,1,Elsewhere,0,0,0,,,1,1,,11,High,1.0,3,0.0,0,4,,,
aran,qm1,3538,Red,1,1,0,3,0,1,Fender;Tarmac;Elsewhere,0,9,5,Tarmac;Terminal;Elsewhere,,1,,,0,No Climb,0.0,0,.25,2,4,,,
aarav,qm1,2614,Red,1,0,0,0,0,1,,0,4,1,Fender;Opposing Tarmac,,,,,,No Climb,.25,1,0.0,0,2,,tends to hit things and misses intaking balls ,
jay,qm1,1987,Red,2,1,0,0,0,0,Fender,0,9,0,Fender;Tarmac,,1,,,,No Climb,.5,5,.75,4,4,,did not shoot,some jerking but overall good driving and meanuvering
shayaan,qm1,1339,Red,3,1,0,2,0,1,Elsewhere,0,13,4,Fender;Tarmac;Opposing Tarmac,,1,1,1,16,Traversal,0.0,0,.5,1,3,,,
arav,qm1,3357,Blue,2,1,0,4,0,1,Fender;Tarmac;Elsewhere,0,8,7,Fender;Tarmac;Opposing Tarmac;Launchpad;Elsewhere,,,,1,13,High,0.0,0,.5,0,3,,,
sanjay,qm1,4143,Blue,3,1,0,2,0,1,Fender;Opposing Fender;Tarmac;Opposing Tarmac;Launchpad;Terminal;Elsewhere,0,12,6,Fender;Opposing Fender;Tarmac;Opposing Tarmac;Launchpad;Terminal;Elsewhere,0,1,1,1,15,High,0.0,0,0.0,0,4, , , 
aran,qm2,180,Red,1,1,0,0,1,1,Fender;Opposing Fender;Tarmac;Opposing Tarmac;Launchpad;Terminal;Elsewhere,0,18,2,Fender;Opposing Fender;Tarmac;Opposing Tarmac;Launchpad;Terminal;Elsewhere,0,1,0,0,0,No Climb,0.0,0,.25,3,4, , , 
jay,qm2,67,Red,2,0,0,2,0,1,Fender;Opposing Fender;Tarmac;Opposing Tarmac;Launchpad;Terminal;Elsewhere,0,13,0,Fender;Opposing Fender;Tarmac;Opposing Tarmac;Launchpad;Terminal;Elsewhere,0,0,0,1,9,Traversal,.25,3,.75,3,1, , ,Double intake worked well but some jerkiness in driving even when slow 
aarav,qm2,325,Blue,1,1,0,2,0,1,Tarmac,0,1,1,Tarmac,,,,,,No Climb,.25,1,0.0,0,3,,,
shayaan,qm2,33,Red,3,1,0,1,1,1,Fender;Opposing Fender;Tarmac;Opposing Tarmac;Launchpad;Terminal;Elsewhere,0,8,3,Fender;Opposing Fender;Tarmac;Opposing Tarmac;Launchpad;Terminal;Elsewhere,0,1,1,1,13,Traversal,.25,2,.5,2,2, , ,quite clumsy when it came to driving
arav,qm2,4028,Blue,2,1,0,4,0,1,Fender;Opposing Fender;Tarmac;Opposing Tarmac;Launchpad;Terminal;Elsewhere,0,19,1,Fender;Opposing Fender;Tarmac;Opposing Tarmac;Launchpad;Terminal;Elsewhere,0,1,0,0,30,Mid,0.0,0,.25,4,4, , ,Climber messed up on first attempt.
sanjay,qm3,4099,Blue,3,1,0,1,0,1,Fender;Opposing Fender;Tarmac;Opposing Tarmac;Launchpad;Terminal;Elsewhere,0,2,1,Fender;Opposing Fender;Tarmac;Opposing Tarmac;Launchpad;Terminal;Elsewhere,0,0,0,0,0,No Climb,1.0,3,0.0,0,4, , , 
arav,qm3,5712,Blue,2,0,0,1,0,1,Fender;Opposing Fender;Tarmac;Opposing Tarmac;Launchpad;Terminal;Elsewhere,0,8,1,Fender;Opposing Fender;Tarmac;Opposing Tarmac;Launchpad;Terminal;Elsewhere,0,0,0,1,10,Traversal,0.0,0,0.0,0,2, , , 
aarav,qm3,2468,Blue,1,1,0,2,1,1,Fender;Opposing Fender;Tarmac;Opposing Tarmac;Launchpad;Terminal;Elsewhere,0,10,2,Fender;Opposing Fender;Tarmac;Opposing Tarmac;Launchpad;Terminal;Elsewhere,0,0,0,1,20,Traversal,.25,1,.25,1,4, , , 
jay,qm3,195,Red,2,1,0,1,0,0,Fender;Opposing Fender;Tarmac;Opposing Tarmac;Launchpad;Terminal;Elsewhere,0,6,2,Fender;Opposing Fender;Tarmac;Opposing Tarmac;Launchpad;Terminal;Elsewhere,0,0,0,1,18,Traversal,1.0,5,.25,0,1, , ,shot blue balls behind into corner which made it harder for blue
aran,qm3,4499,Red,1,1,0,1,0,0,Fender;Opposing Fender;Tarmac;Opposing Tarmac;Launchpad;Terminal;Elsewhere,0,8,2,Fender;Opposing Fender;Tarmac;Opposing Tarmac;Launchpad;Terminal;Elsewhere,0,0,0,1,10,Traversal,0.0,0,.25,1,3, , , 
shayaan,qm3,624,Red,3,1,0,4,0,1,Fender;Opposing Fender;Tarmac;Opposing Tarmac;Launchpad;Terminal;Elsewhere,0,12,1,Fender;Opposing Fender;Tarmac;Opposing Tarmac;Launchpad;Terminal;Elsewhere,0,1,0,0,10,Mid,0.0,0,1.0,3,4, , , 
aran,qm4,4265,Red,1,1,0,2,0,1,Fender;Opposing Fender;Tarmac;Opposing Tarmac;Launchpad;Terminal;Elsewhere,0,12,2,Fender;Opposing Fender;Tarmac;Opposing Tarmac;Launchpad;Terminal;Elsewhere,0,0,0,0,0,No Climb,0.0,0,.25,4,5, , , 
sanjay,qm4,27,Blue,3,1,0,5,0,1,Fender;Opposing Fender;Tarmac;Opposing Tarmac;Launchpad;Terminal;Elsewhere,0,7,4,Fender;Opposing Fender;Tarmac;Opposing Tarmac;Launchpad;Terminal;Elsewhere,0,1,1,0,13,High,0.0,0,.5,4,4, , , 
aarav,qm4,3176,Blue,1,0,0,1,0,1,Fender;Opposing Fender;Tarmac;Opposing Tarmac;Launchpad;Terminal;Elsewhere,0,5,3,Fender;Opposing Fender;Tarmac;Opposing Tarmac;Launchpad;Terminal;Elsewhere,1,0,0,0,0,No Climb,.25,1,.5,1,2, , , 
arav,qm4,2363,Blue,2,1,0,2,0,1,Fender;Opposing Fender;Tarmac;Opposing Tarmac;Launchpad;Terminal;Elsewhere,0,14,5,Fender;Opposing Fender;Tarmac;Opposing Tarmac;Launchpad;Terminal;Elsewhere,1,0,0,0,0,No Climb,0.0,0,.25,2,3, , , 
shayaan,qm4,1732,Red,3,1,0,4,0,1,Fender;Opposing Fender;Tarmac;Opposing Tarmac;Launchpad;Terminal;Elsewhere,0,11,2,Fender;Opposing Fender;Tarmac;Opposing Tarmac;Launchpad;Terminal;Elsewhere,0,1,0,0,13,Mid,0.0,0,.25,1,2, , , 
jay,qm4,3940,Red,2,0,0,1,0,0,Fender,0,8,1,Fender;Tarmac,,,,1,17,,.75,4,0.0,0,4,,,
arav,qm5,4926,Blue,2,1,0,1,0,1,Elsewhere,0,9,1,Elsewhere,,,,1,26,Traversal,0.0,0,0.0,0,3,,,
aran,qm5,587,Red,1,1,0,1,0,1,Fender;Opposing Fender;Tarmac;Opposing Tarmac;Launchpad;Terminal;Elsewhere,1,9,1,Fender;Opposing Fender;Tarmac;Opposing Tarmac;Launchpad;Terminal;Elsewhere,0,0,0,0,0,No Climb,0.0,0,0.0,0,1, , , 
sanjay,qm5,1730,Blue,3,1,0,2,0,1,Fender;Opposing Fender;Tarmac;Opposing Tarmac;Launchpad;Terminal;Elsewhere,0,0,1,Fender;Opposing Fender;Tarmac;Opposing Tarmac;Launchpad;Terminal;Elsewhere,0,1,1,1,20,Traversal,1.0,5,0.0,0,4, , , 
aarav,qm5,1023,Blue,1,0,0,3,0,1,Fender;Opposing Fender;Tarmac;Opposing Tarmac;Launchpad;Terminal;Elsewhere,0,16,2,Fender;Opposing Fender;Tarmac;Opposing Tarmac;Launchpad;Terminal;Elsewhere,0,1,0,0,6,Mid,0.0,0,0.0,0,4, , , 
jay,qm5,1720,Red,2,0,0,1,1,0,Fender;Opposing Fender;Tarmac;Opposing Tarmac;Launchpad;Terminal;Elsewhere,0,10,1,Fender;Opposing Fender;Tarmac;Opposing Tarmac;Launchpad;Terminal;Elsewhere,0,0,0,1,17,Traversal,0.0,0,.5,2,3, , ,slow and kept kitting the endgame frame. the intake also let balls come out form the plastic at the top and stops moving every-time the intake comes down
shayaan,qm5,2767,Red,3,1,0,4,1,1,Fender;Opposing Fender;Tarmac;Opposing Tarmac;Launchpad;Terminal;Elsewhere,0,11,1,Fender;Opposing Fender;Tarmac;Opposing Tarmac;Launchpad;Terminal;Elsewhere,0,1,1,1,20,Traversal,0.0,0,1.0,2,4, , , 
trevor,qm6,2338,Blue,1,0,0,2,2,1,Tarmac,0,5,0,Launchpad,0,1,1,1,19,Traversal,.5,4,0.0,0,3,,,
rachel,qm6,5484,Red,3,1,0,1,0,1,Tarmac,0,0,0,,,1,1,1,8,Traversal,1.0,3,0.0,0,3,,mainly def,
neel,qm6,1533,Blue,2,1,0,2,0,1,Elsewhere,0,0,6,Elsewhere,,1,1,1,6,Traversal,.5,2,.25,4,3,,,Hard time aiming
julia,qm6,7457,Blue,3,1,0,1,0,1,Tarmac,0,5,1,Elsewhere,,1,,,4,Mid,.25,3,.25,2,2,,,v tippy and jerky
shashwat,qm6,2056,Red,2,1,0,5,0,0,Fender;Opposing Fender;Tarmac;Opposing Tarmac;Launchpad;Terminal;Elsewhere,0,15,2,Fender;Opposing Fender;Tarmac;Opposing Tarmac;Launchpad;Terminal;Elsewhere,0,1,1,1,13,Traversal,.25,4,.5,4,4, ,Accurate turret, 
crystal,qm6,1706,Red,1,1,0,2,0,1,Tarmac,0,21,4,Tarmac;Opposing Tarmac;Elsewhere,,1,,,2,Mid,0.0,,.25,2,4,,,
julia,qm7,503,Blue,3,1,0,4,1,1,Fender;Opposing Fender;Tarmac;Opposing Tarmac;Launchpad;Terminal;Elsewhere,0,5,7,Fender;Opposing Fender;Tarmac;Opposing Tarmac;Launchpad;Terminal;Elsewhere,0,1,0,0,6,Mid,0.0,0,0.0,0,3, , , 
shashwat,qm7,1024,Red,2,0,0,2,0,0,Fender;Opposing Fender;Tarmac;Opposing Tarmac;Launchpad;Terminal;Elsewhere,0,8,3,Fender;Opposing Fender;Tarmac;Opposing Tarmac;Launchpad;Terminal;Elsewhere,0,1,1,1,21,Traversal,0.0,0,.25,4,3, , , 
neel,qm7,829,Blue,2,1,0,0,1,0,Fender;Opposing Fender;Tarmac;Opposing Tarmac;Launchpad;Terminal;Elsewhere,0,10,3,Fender;Opposing Fender;Tarmac;Opposing Tarmac;Launchpad;Terminal;Elsewhere,0,1,1,1,16,Traversal,0.0,0,0.0,3,3, , ,Auto suspicious
rachel,qm7,234,Red,3,1,1,0,0,1,Fender;Opposing Fender;Tarmac;Opposing Tarmac;Launchpad;Terminal;Elsewhere,0,2,0,Fender;Opposing Fender;Tarmac;Opposing Tarmac;Launchpad;Terminal;Elsewhere,1,0,0,0,3,Low,1.0,4,0.0,0,3,tried for upper but got lower,def, 
trevor,qm7,2075,Blue,1,1,0,0,1,1,Tarmac;Terminal;Elsewhere,0,10,4,Tarmac;Launchpad;Elsewhere,,,,,,No Climb,0.0,0,.75,3,3,,,Really strong defense against them
crystal,qm7,694,Red,1,1,0,4,0,0,Fender;Opposing Fender;Tarmac;Opposing Tarmac;Launchpad;Terminal;Elsewhere,0,10,3,Fender;Opposing Fender;Tarmac;Opposing Tarmac;Launchpad;Terminal;Elsewhere,0,1,1,0,27,High,0.0,0,0.0,0,2, , , 
rachel,qm8,3175,Red,3,1,0,2,0,1,Fender;Opposing Fender;Tarmac;Opposing Tarmac;Launchpad;Terminal;Elsewhere,0,15,4,Fender;Opposing Fender;Tarmac;Opposing Tarmac;Launchpad;Terminal;Elsewhere,0,0,0,0,0,No Climb,0.0,0,0.0,0,4, , , 
neel,qm8,340,Blue,2,1,0,2,0,1,Fender;Opposing Fender;Tarmac;Opposing Tarmac;Launchpad;Terminal;Elsewhere,0,20,1,Fender;Opposing Fender;Tarmac;Opposing Tarmac;Launchpad;Terminal;Elsewhere,0,1,1,0,0,High,0.0,0,0.0,4,4, , ,Climber messed up 
trevor,qm8,5406,Blue,1,1,0,2,0,1,Elsewhere,0,9,2,Elsewhere,,,,,,No Climb,0.0,0,.5,2,4,,,Not much force on wheels
julia,qm8,118,Blue,3,1,0,1,0,1,Fender;Opposing Fender;Tarmac;Opposing Tarmac;Launchpad;Terminal;Elsewhere,0,8,4,Fender;Opposing Fender;Tarmac;Opposing Tarmac;Launchpad;Terminal;Elsewhere,0,1,1,1,5,Traversal,0.0,0,0.0,0,4,did not go to terminal, ,
crystal,qm8,5010,Red,1,1,0,1,0,0,Elsewhere,0,0,0,,,1,1,1,19,Traversal,1.0,2,0.0,0,2,,,
shashwat,qm8,4635,Red,2,1,0,3,0,0,Fender;Opposing Fender;Tarmac;Opposing Tarmac;Launchpad;Terminal;Elsewhere,0,18,2,Fender;Opposing Fender;Tarmac;Opposing Tarmac;Launchpad;Terminal;Elsewhere,0,1,1,1,15,Traversal,.25,3,.5,5,5, , , 
neel,qm9,4028,Blue,2,1,0,4,1,1,Fender;Opposing Fender;Tarmac;Opposing Tarmac;Launchpad;Terminal;Elsewhere,0,14,0,Fender;Opposing Fender;Tarmac;Opposing Tarmac;Launchpad;Terminal;Elsewhere,0,1,1,1,15,Traversal,0.0,0,0.0,0,4, , , 
rachel,qm9,2539,Red,3,1,0,2,0,1,Fender;Opposing Fender;Tarmac;Opposing Tarmac;Launchpad;Terminal;Elsewhere,0,16,0,Fender;Opposing Fender;Tarmac;Opposing Tarmac;Launchpad;Terminal;Elsewhere,0,1,1,1,8,Traversal,0.0,0,0.0,0,4, , ,really good at cycling
julia,qm9,27,Blue,3,1,0,1,1,1,Fender;Opposing Fender;Tarmac;Opposing Tarmac;Launchpad;Terminal;Elsewhere,0,9,1,Fender;Opposing Fender;Tarmac;Opposing Tarmac;Launchpad;Terminal;Elsewhere,0,1,1,1,11,Traversal,0.0,0,0.0,0,4, , , 
trevor,qm9,33,Blue,1,1,0,1,1,1,Elsewhere,0,10,0,Launchpad;Elsewhere,,,,,,No Climb,0.0,0,.75,3,5,,,Very smooth movement 
shashwat,qm9,4099,Red,2,0,0,1,0,0,Fender;Opposing Fender;Tarmac;Opposing Tarmac;Launchpad;Terminal;Elsewhere,0,0,0,Fender;Opposing Fender;Tarmac;Opposing Tarmac;Launchpad;Terminal;Elsewhere,0,1,1,1,15,Traversal,1.0,5,.25,3,5, , , 
crystal,qm9,1987,Red,1,1,0,3,0,1,Fender;Opposing Fender;Tarmac;Opposing Tarmac;Launchpad;Terminal;Elsewhere,0,5,0,Fender;Opposing Fender;Tarmac;Opposing Tarmac;Launchpad;Terminal;Elsewhere,0,0,0,0,0,No Climb,.5,3,0.0,0,4, , ,intake problems halfway through
neel,qm10,624,Blue,2,1,0,3,0,1,Fender;Opposing Fender;Tarmac;Opposing Tarmac;Launchpad;Terminal;Elsewhere,1,9,0,Fender;Opposing Fender;Tarmac;Opposing Tarmac;Launchpad;Terminal;Elsewhere,0,1,0,0,8,No Climb,0.0,0,.25,2,4, , , 
shashwat,qm10,325,Red,2,0,0,1,0,0,Fender;Opposing Fender;Tarmac;Opposing Tarmac;Launchpad;Terminal;Elsewhere,0,0,0,Fender;Opposing Fender;Tarmac;Opposing Tarmac;Launchpad;Terminal;Elsewhere,0,0,0,0,0,No Climb,.75,3,.5,1,3, ,Intake seemed to be brokeb, 
aran,qm11,5712,Blue,1,1,0,0,1,1,Fender;Opposing Fender;Tarmac;Opposing Tarmac;Launchpad;Terminal;Elsewhere,0,12,2,Fender;Opposing Fender;Tarmac;Opposing Tarmac;Launchpad;Terminal;Elsewhere,0,0,0,0,0,No Climb,0.0,0,.25,3,3, , , 
jay,qm11,4926,Blue,2,0,0,2,0,0,Fender;Opposing Fender;Tarmac;Opposing Tarmac;Launchpad;Terminal;Elsewhere,0,11,1,Fender;Opposing Fender;Tarmac;Opposing Tarmac;Launchpad;Terminal;Elsewhere,0,1,1,1,7,Low,.25,4,.25,3,4,, , 
arav,qm11,4143,Red,2,1,0,2,1,1,Fender;Opposing Fender;Tarmac;Opposing Tarmac;Launchpad;Terminal;Elsewhere,0,21,1,Fender;Opposing Fender;Tarmac;Opposing Tarmac;Launchpad;Terminal;Elsewhere,0,0,0,1,14,Mid,0.0,0,.5,4,4, , , 
sanjay,qm11,3176,Red,3,1,0,2,0,1,Elsewhere,0,4,0,Elsewhere,,,,,0,No Climb,0.0,0,0.0,0,3,gremlin auto shoots blue ball into hangar,broke near terminal halfway in,
zac,qm11,7457,Blue,3,1,0,5,0,1,Fender;Tarmac;Launchpad,1,11,1,Fender;Tarmac;Opposing Tarmac,,1,,,1,Mid,0.0,,0.0,,4,,,
aarav,qm11,1533,Red,1,1,0,2,0,1,Launchpad,0,5,0,Tarmac;Terminal,1,,,,,No Climb,0.0,0,.75,1,2,,,
jay,qm13,5406,Blue,2,1,0,2,0,1,Fender;Opposing Fender;Tarmac;Opposing Tarmac;Launchpad;Terminal;Elsewhere,0,3,3,Fender;Opposing Fender;Tarmac;Opposing Tarmac;Launchpad;Terminal;Elsewhere,0,1,1,1,6,Traversal,.25,2,.5,1,2, ,broken intake, 
aran,qm13,1730,Blue,1,1,0,1,0,1,Fender;Opposing Fender;Tarmac;Opposing Tarmac;Launchpad;Terminal;Elsewhere,0,12,8,Fender;Opposing Fender;Tarmac;Opposing Tarmac;Launchpad;Terminal;Elsewhere,1,0,0,0,0,No Climb,0.0,0,.25,2,3, , , 
sanjay,qm13,3357,Red,3,1,0,0,1,1,Fender;Opposing Fender;Tarmac;Opposing Tarmac;Launchpad;Terminal;Elsewhere,0,10,3,Fender;Opposing Fender;Tarmac;Opposing Tarmac;Launchpad;Terminal;Elsewhere,0,1,1,1,18,Traversal,.5,2,.5,1,3, , , 
aarav,qm13,118,Red,1,0,0,0,1,1,Fender;Opposing Fender;Tarmac;Opposing Tarmac;Launchpad;Terminal;Elsewhere,0,13,2,Fender;Opposing Fender;Tarmac;Opposing Tarmac;Launchpad;Terminal;Elsewhere,0,0,0,1,4,Traversal,0.0,0,.25,1,4, , , 
zac,qm13,67,Blue,3,1,0,5,0,1,Fender;Opposing Fender;Tarmac;Opposing Tarmac;Launchpad;Terminal;Elsewhere,0,22,1,Fender;Opposing Fender;Tarmac;Opposing Tarmac;Launchpad;Terminal;Elsewhere,0,0,0,1,11,Traversal,0.0,0,0.0,0,5, , , 
arav,qm14,2075,Red,2,0,0,3,0,1,Fender;Opposing Fender;Tarmac;Opposing Tarmac;Launchpad;Terminal;Elsewhere,0,17,0,Fender;Opposing Fender;Tarmac;Opposing Tarmac;Launchpad;Terminal;Elsewhere,0,0,0,0,0,No Climb,0.0,0,0.0,0,2, ,Slow, 
arav,qm15,240,Red,2,0,0,0,0,1,Fender;Opposing Fender;Tarmac;Opposing Tarmac;Launchpad;Terminal;Elsewhere,0,19,0,Fender;Opposing Fender;Tarmac;Opposing Tarmac;Launchpad;Terminal;Elsewhere,0,0,0,0,0,No Climb,0.0,0,.5,3,4, , , 
jay,qm14,2056,Blue,2,1,0,2,0,1,Fender;Opposing Fender;Tarmac;Opposing Tarmac;Launchpad;Terminal;Elsewhere,0,15,1,Fender;Opposing Fender;Tarmac;Opposing Tarmac;Launchpad;Terminal;Elsewhere,0,1,1,1,15,Traversal,.25,3,.5,4,4, , ,nice robot design
aarav,qm14,4635,Red,1,0,0,2,0,1,Fender;Opposing Fender;Tarmac;Opposing Tarmac;Launchpad;Terminal;Elsewhere,0,4,0,Fender;Opposing Fender;Tarmac;Opposing Tarmac;Launchpad;Terminal;Elsewhere,0,0,0,1,10,High,.25,2,0.0,0,3, , , 
sanjay,qm14,234,Red,3,1,0,2,0,1,Fender;Opposing Fender;Tarmac;Opposing Tarmac;Launchpad;Terminal;Elsewhere,0,0,0,Fender;Opposing Fender;Tarmac;Opposing Tarmac;Launchpad;Terminal;Elsewhere,0,1,1,0,22,High,1.0,1,0.0,0,2, , , 
aran,qm14,2614,Blue,1,1,0,2,0,1,Elsewhere,0,4,1,Elsewhere,,1,,,27,Mid,0.0,0,.25,2,2,,,
zac,qm14,3175,Blue,3,1,0,2,0,1,Fender;Opposing Fender;Tarmac;Opposing Tarmac;Launchpad;Terminal;Elsewhere,0,9,1,Fender;Opposing Fender;Tarmac;Opposing Tarmac;Launchpad;Terminal;Elsewhere,0,0,0,0,0,No Climb,0.0,0,.25,3,3, ,Front right serve died right before endgame when someone hit them,Front right serve died right before endgame when someone hit them
sanjay,qm15,1706,Red,3,0,0,4,0,1,Fender;Opposing Fender;Tarmac;Opposing Tarmac;Launchpad;Terminal;Elsewhere,0,16,6,Fender;Opposing Fender;Tarmac;Opposing Tarmac;Launchpad;Terminal;Elsewhere,0,1,0,0,3,No Climb,0.0,0,0.0,0,5, , , 
aarav,qm15,3940,Red,1,0,0,0,1,1,Fender;Opposing Fender;Tarmac;Opposing Tarmac;Launchpad;Terminal;Elsewhere,0,9,1,Fender;Opposing Fender;Tarmac;Opposing Tarmac;Launchpad;Terminal;Elsewhere,0,0,0,1,8,Traversal,0.0,0,.25,2,3, , , 
arav,qm15,2363,Red,2,1,0,1,0,1,Fender;Opposing Fender;Tarmac;Opposing Tarmac;Launchpad;Terminal;Elsewhere,0,6,3,Fender;Opposing Fender;Tarmac;Opposing Tarmac;Launchpad;Terminal;Elsewhere,0,1,0,0,0,No Climb,0.0,0,.25,1,3, , , 
zac,qm15,180,Blue,3,1,0,2,0,1,Fender;Opposing Fender;Tarmac;Opposing Tarmac;Launchpad;Terminal;Elsewhere,0,24,0,Fender;Opposing Fender;Tarmac;Opposing Tarmac;Launchpad;Terminal;Elsewhere,0,1,1,0,7,High,0.0,0,.25,3,4, , , 
jay,qm15,1023,Blue,2,1,0,1,0,1,Fender;Opposing Fender;Tarmac;Opposing Tarmac;Launchpad;Terminal;Elsewhere,0,21,1,Fender;Opposing Fender;Tarmac;Opposing Tarmac;Launchpad;Terminal;Elsewhere,0,1,0,0,2,Mid,.5,3,.25,3,4, ,really good teleop,
aran,qm15,3538,Blue,1,0,0,2,0,1,Fender;Opposing Fender;Tarmac;Opposing Tarmac;Launchpad;Terminal;Elsewhere,0,8,4,Fender;Opposing Fender;Tarmac;Opposing Tarmac;Launchpad;Terminal;Elsewhere,0,1,1,1,20,Traversal,0.0,0,0.0,0,5, , , 
julia,qm16,503,Red,3,1,0,3,1,1,Fender;Opposing Fender;Tarmac;Opposing Tarmac;Launchpad;Terminal;Elsewhere,0,7,6,Fender;Opposing Fender;Tarmac;Opposing Tarmac;Launchpad;Terminal;Elsewhere,0,1,1,1,22,Traversal,0.0,0,.75,2,4, , , 
rachel,qm16,2338,Blue,3,1,0,2,0,1,Fender;Opposing Fender;Tarmac;Opposing Tarmac;Launchpad;Terminal;Elsewhere,0,15,2,Fender;Opposing Fender;Tarmac;Opposing Tarmac;Launchpad;Terminal;Elsewhere,0,1,1,0,17,High,0.0,0,0.0,0,2, , , 
neel,qm16,587,Red,2,1,0,2,0,1,Tarmac,0,12,5,Tarmac;Opposing Tarmac,,,,,0,No Climb,0.0,0,0.0,0,3,,,
trevor,qm16,1024,Red,1,1,0,0,1,1,Fender;Opposing Fender;Tarmac;Opposing Tarmac;Launchpad;Terminal;Elsewhere,1,1,3,Fender;Opposing Fender;Tarmac;Opposing Tarmac;Launchpad;Terminal;Elsewhere,0,1,1,1,24,Traversal,.5,3,0.0,0,2, , , 
crystal,qm16,1732,Blue,1,1,0,5,0,1,Elsewhere,0,9,4,Elsewhere,1,,,,,No Climb,0.0,0,0.0,0,3,,,
shashwat,qm16,5010,Blue,2,0,0,1,0,1,Fender;Opposing Fender;Tarmac;Opposing Tarmac;Launchpad;Terminal;Elsewhere,0,0,0,Fender;Opposing Fender;Tarmac;Opposing Tarmac;Launchpad;Terminal;Elsewhere,0,1,1,1,22,Traversal,.75,4,.5,4,4, ,Intake is likely broken , 
rachel,qm17,2468,Blue,3,1,0,1,1,1,Fender;Opposing Fender;Tarmac;Opposing Tarmac;Launchpad;Terminal;Elsewhere,0,11,2,Fender;Opposing Fender;Tarmac;Opposing Tarmac;Launchpad;Terminal;Elsewhere,0,1,1,1,16,Traversal,0.0,0,.25,3,3, , , 
crystal,qm17,2539,Blue,1,1,0,2,1,1,Fender;Opposing Fender;Tarmac;Opposing Tarmac;Launchpad;Terminal;Elsewhere,0,11,4,Fender;Opposing Fender;Tarmac;Opposing Tarmac;Launchpad;Terminal;Elsewhere,0,1,1,1,12,Traversal,0.0,0,0.0,0,3, , , 
julia,qm17,4028,Red,3,1,0,4,0,1,Fender;Opposing Fender;Tarmac;Opposing Tarmac;Launchpad;Terminal;Elsewhere,0,14,1,Fender;Opposing Fender;Tarmac;Opposing Tarmac;Launchpad;Terminal;Elsewhere,0,1,0,0,25,Mid,0.0,0,0.0,0,5, , , 
shashwat,qm17,4143,Blue,2,1,0,2,0,0,Fender;Opposing Fender;Tarmac;Opposing Tarmac;Launchpad;Terminal;Elsewhere,0,17,0,Fender;Opposing Fender;Tarmac;Opposing Tarmac;Launchpad;Terminal;Elsewhere,0,0,0,0,0,No Climb,.25,3,.75,4,4, , , 
neel,qm17,1533,Red,2,1,0,2,0,1,Fender;Opposing Fender;Tarmac;Opposing Tarmac;Launchpad;Terminal;Elsewhere,0,15,6,Fender;Opposing Fender;Tarmac;Opposing Tarmac;Launchpad;Terminal;Elsewhere,0,0,0,0,0,No Climb,0.0,0,.25,3,4, , , 
trevor,qm17,4265,Red,1,1,0,2,0,1,Fender;Opposing Fender;Tarmac;Opposing Tarmac;Launchpad;Terminal;Elsewhere,0,13,2,Fender;Opposing Fender;Tarmac;Opposing Tarmac;Launchpad;Terminal;Elsewhere,0,1,0,0,3,Mid,0.0,0,.5,4,4, , , 
rachel,qm18,5712,Blue,3,1,0,0,2,1,Fender;Opposing Fender;Tarmac;Opposing Tarmac;Launchpad;Terminal;Elsewhere,0,10,2,Fender;Opposing Fender;Tarmac;Opposing Tarmac;Launchpad;Terminal;Elsewhere,0,1,1,1,12,Traversal,0.0,0,0.0,0,3, , , 
julia,qm18,2075,Red,3,1,0,2,0,1,Fender;Opposing Fender;Tarmac;Opposing Tarmac;Launchpad;Terminal;Elsewhere,0,6,4,Fender;Opposing Fender;Tarmac;Opposing Tarmac;Launchpad;Terminal;Elsewhere,0,1,0,0,3,Mid,0.0,0,.5,2,3, , , 
shashwat,qm18,1339,Blue,2,1,0,1,0,0,Fender;Opposing Fender;Tarmac;Opposing Tarmac;Launchpad;Terminal;Elsewhere,0,14,0,Fender;Opposing Fender;Tarmac;Opposing Tarmac;Launchpad;Terminal;Elsewhere,0,1,1,1,14,Traversal,0.0,0,.5,4,4, , , 
trevor,qm18,27,Red,1,1,0,4,0,0,Fender;Opposing Fender;Tarmac;Opposing Tarmac;Launchpad;Terminal;Elsewhere,0,14,0,Fender;Opposing Fender;Tarmac;Opposing Tarmac;Launchpad;Terminal;Elsewhere,0,1,1,1,7,Traversal,0.0,0,.25,4,4, , , 
neel,qm18,5484,Red,2,1,0,1,0,1,Fender;Opposing Fender;Tarmac;Opposing Tarmac;Launchpad;Terminal;Elsewhere,0,4,5,Fender;Opposing Fender;Tarmac;Opposing Tarmac;Launchpad;Terminal;Elsewhere,0,1,1,1,10,Traversal,0.0,0,.25,3,2, , , 
crystal,qm18,3357,Blue,1,1,0,0,0,1,Fender;Opposing Fender;Tarmac;Opposing Tarmac;Launchpad;Terminal;Elsewhere,0,0,0,Fender;Opposing Fender;Tarmac;Opposing Tarmac;Launchpad;Terminal;Elsewhere,0,0,0,0,0,No Climb,1.0,3,0.0,0,3, , ,tippy
crystal,qm19,2056,Blue,1,1,0,4,0,1,Fender;Opposing Fender;Tarmac;Opposing Tarmac;Launchpad;Terminal;Elsewhere,0,12,3,Fender;Opposing Fender;Tarmac;Opposing Tarmac;Launchpad;Terminal;Elsewhere,0,1,1,1,9,High,0.0,0,.5,3,3, , , 
trevor,qm19,5406,Red,1,1,0,4,1,1,Fender;Opposing Fender;Tarmac;Opposing Tarmac;Launchpad;Terminal;Elsewhere,0,10,5,Fender;Opposing Fender;Tarmac;Opposing Tarmac;Launchpad;Terminal;Elsewhere,0,1,1,1,8,Traversal,0.0,0,.25,4,4, , , 
rachel,qm19,1730,Blue,3,1,0,1,1,1,Fender;Opposing Fender;Tarmac;Opposing Tarmac;Launchpad;Terminal;Elsewhere,0,6,10,Fender;Opposing Fender;Tarmac;Opposing Tarmac;Launchpad;Terminal;Elsewhere,0,1,0,0,0,No Climb,0.0,0,.25,2,2, , , 
neel,qm19,325,Red,2,1,0,1,0,1,Fender;Opposing Fender;Tarmac;Opposing Tarmac;Launchpad;Terminal;Elsewhere,0,0,0,Fender;Opposing Fender;Tarmac;Opposing Tarmac;Launchpad;Terminal;Elsewhere,0,0,0,0,0,No Climb,1.0,4,0.0,0,4, , ,Defense bot broke
shashwat,qm19,195,Blue,2,1,0,1,0,0,Fender;Opposing Fender;Tarmac;Opposing Tarmac;Launchpad;Terminal;Elsewhere,0,8,0,Fender;Opposing Fender;Tarmac;Opposing Tarmac;Launchpad;Terminal;Elsewhere,0,1,1,1,20,Traversal,0.0,0,.5,4,4, ,,Turret
julia,qm19,1987,Red,3,1,0,2,0,1,Fender;Opposing Fender;Tarmac;Opposing Tarmac;Launchpad;Terminal;Elsewhere,0,11,2,Fender;Opposing Fender;Tarmac;Opposing Tarmac;Launchpad;Terminal;Elsewhere,0,1,0,1,8,Traversal,0.0,0,0.0,0,3, , , 
shashwat,qm20,2614,Blue,2,1,0,1,0,1,Fender;Opposing Fender;Tarmac;Opposing Tarmac;Launchpad;Terminal;Elsewhere,0,5,0,Fender;Opposing Fender;Tarmac;Opposing Tarmac;Launchpad;Terminal;Elsewhere,0,0,0,0,0,No Climb,.5,4,.25,3,3, , , 
julia,qm20,33,Red,3,1,0,5,0,1,Fender;Opposing Fender;Tarmac;Opposing Tarmac;Launchpad;Terminal;Elsewhere,0,15,3,Fender;Opposing Fender;Tarmac;Opposing Tarmac;Launchpad;Terminal;Elsewhere,0,1,1,1,10,Traversal,0.0,0,.25,2,3, , , 
rachel,qm20,829,Blue,3,1,0,4,1,1,Fender;Opposing Fender;Tarmac;Opposing Tarmac;Launchpad;Terminal;Elsewhere,0,7,1,Fender;Opposing Fender;Tarmac;Opposing Tarmac;Launchpad;Terminal;Elsewhere,0,1,1,0,26,High,.25,2,.25,2,2, , , 
neel,qm20,1023,Red,2,0,0,0,0,1,Fender;Opposing Fender;Tarmac;Opposing Tarmac;Launchpad;Terminal;Elsewhere,0,13,3,Fender;Opposing Fender;Tarmac;Opposing Tarmac;Launchpad;Terminal;Elsewhere,0,1,0,0,2,Mid,0.0,0,0.0,0,4, , , 
crystal,qm20,4926,Blue,1,1,0,1,0,1,Elsewhere,0,12,1,Elsewhere,,1,1,1,21,Traversal,0.0,0,.25,3,3,,,
trevor,qm20,118,Red,1,1,0,1,1,0,Fender;Opposing Fender;Tarmac;Opposing Tarmac;Launchpad;Terminal;Elsewhere,0,23,0,Fender;Opposing Fender;Tarmac;Opposing Tarmac;Launchpad;Terminal;Elsewhere,0,1,1,1,4,Traversal,0.0,0,0.0,0,4, , , 
jay,qm21,384,Red,2,0,0,2,0,0,Fender;Opposing Fender;Tarmac;Opposing Tarmac;Launchpad;Terminal;Elsewhere,0,8,0,Fender;Opposing Fender;Tarmac;Opposing Tarmac;Launchpad;Terminal;Elsewhere,0,0,0,1,7,Traversal,0.0,0,.25,4,4, , , 
arav,qm21,2767,Blue,2,1,0,3,1,1,Fender;Opposing Fender;Tarmac;Opposing Tarmac;Launchpad;Terminal;Elsewhere,0,21,1,Fender;Opposing Fender;Tarmac;Opposing Tarmac;Launchpad;Terminal;Elsewhere,0,0,0,1,15,Traversal,0.0,0,.25,4,5, , , 
jason,qm21,1024,Blue,3,1,0,1,0,1,Fender,0,0,0,,,,,,,No Climb,1.0,4,.25,1,3,,,
aarav,qm21,67,Blue,1,0,0,0,0,0,Fender;Opposing Fender;Tarmac;Opposing Tarmac;Launchpad;Terminal;Elsewhere,0,11,0,Fender;Opposing Fender;Tarmac;Opposing Tarmac;Launchpad;Terminal;Elsewhere,0,0,0,1,7,Traversal,0.0,0,.25,1,3, , , 
shayaan,qm21,7457,Red,3,1,0,4,0,1,Fender;Opposing Fender;Tarmac;Opposing Tarmac;Launchpad;Terminal;Elsewhere,0,1,0,Fender;Opposing Fender;Tarmac;Opposing Tarmac;Launchpad;Terminal;Elsewhere,0,0,0,0,0,No Climb,0.0,0,1.0,1,2, , , 
aran,qm21,67,Red,1,1,0,2,0,1,Elsewhere,0,11,1,Elsewhere,,1,1,1,13,Traversal,0.0,0,.25,5,4,,,
arav,qm22,1720,Blue,2,1,0,2,1,0,Fender;Opposing Fender;Tarmac;Opposing Tarmac;Launchpad;Terminal;Elsewhere,0,3,2,Fender;Opposing Fender;Tarmac;Opposing Tarmac;Launchpad;Terminal;Elsewhere,0,1,0,0,4,Mid,0.0,0,0.0,0,2, , , 
jason,qm22,2363,Blue,3,1,0,4,0,1,Fender;Opposing Fender;Tarmac;Opposing Tarmac;Launchpad;Terminal;Elsewhere,0,14,4,Fender;Opposing Fender;Tarmac;Opposing Tarmac;Launchpad;Terminal;Elsewhere,0,0,0,0,0,No Climb,0.0,0,.75,2,3, , , 
jay,qm22,4499,Red,2,0,0,2,0,0,Fender;Opposing Fender;Tarmac;Opposing Tarmac;Launchpad;Terminal;Elsewhere,0,11,1,Fender;Opposing Fender;Tarmac;Opposing Tarmac;Launchpad;Terminal;Elsewhere,0,0,0,1,15,Traversal,0.0,0,.5,4,5, , ,intake got stuck. very fast
shayaan,qm22,587,Red,3,1,0,1,1,1,Fender;Opposing Fender;Tarmac;Opposing Tarmac;Launchpad;Terminal;Elsewhere,0,1,0,Fender;Opposing Fender;Tarmac;Opposing Tarmac;Launchpad;Terminal;Elsewhere,0,1,1,1,20,Traversal,.5,3,.25,3,3,,broken intake,mixed feelings ab this team
aran,qm22,1706,Blue,1,1,0,4,0,0,Fender;Opposing Fender;Tarmac;Opposing Tarmac;Launchpad;Terminal;Elsewhere,0,15,3,Fender;Opposing Fender;Tarmac;Opposing Tarmac;Launchpad;Terminal;Elsewhere,0,0,0,0,0,No Climb,0.0,0,0.0,0,5, , , 
aarav,qm22,340,Blue,1,0,0,0,0,0,Fender;Opposing Fender;Tarmac;Opposing Tarmac;Launchpad;Terminal;Elsewhere,0,2,0,Fender;Opposing Fender;Tarmac;Opposing Tarmac;Launchpad;Terminal;Elsewhere,0,0,0,0,0,No Climb,0,0,0,0,1, , ,died 
aran,qm22,1706,Red,1,1,0,4,0,0,Fender;Opposing Fender;Tarmac;Opposing Tarmac;Launchpad;Terminal;Elsewhere,0,15,3,Fender;Opposing Fender;Tarmac;Opposing Tarmac;Launchpad;Terminal;Elsewhere,0,0,0,0,0,No Climb,0.0,0,0.0,0,5, , , 
arav,qm23,2538,Blue,2,0,0,3,1,1,Elsewhere,0,15,1,,,,,1,10,Traversal,0.0,0,.5,5,4,,,
aarav,qm22,4099,Blue,1,0,0,1,0,1,Fender;Opposing Fender;Tarmac;Opposing Tarmac;Launchpad;Terminal;Elsewhere,0,0,0,Fender;Opposing Fender;Tarmac;Opposing Tarmac;Launchpad;Terminal;Elsewhere,0,0,0,1,17,Traversal,.75,4,0.0,0,5, ,played defense ,cracked 
jason,qm23,4635,Blue,3,1,0,1,1,1,Fender;Opposing Fender;Tarmac;Opposing Tarmac;Launchpad;Terminal;Elsewhere,0,17,6,Fender;Opposing Fender;Tarmac;Opposing Tarmac;Launchpad;Terminal;Elsewhere,0,0,0,0,0,No Climb,0.0,0,.5,2,3, , , 
shayaan,qm23,1732,Red,3,1,0,3,0,1,Fender;Opposing Fender;Tarmac;Opposing Tarmac;Launchpad;Terminal;Elsewhere,0,5,3,Fender;Opposing Fender;Tarmac;Opposing Tarmac;Launchpad;Terminal;Elsewhere,0,0,0,0,0,No Climb,0.0,0,1.0,1,2, , ,
aran,qm23,503,Red,1,1,0,2,0,0,Terminal;Elsewhere,0,7,1,Elsewhere,,,,1,15,No Climb,0.0,0,0.0,0,4,,,
jay,qm23,234,Red,2,1,0,1,0,0,Fender;Opposing Fender;Tarmac;Opposing Tarmac;Launchpad;Terminal;Elsewhere,0,4,2,Fender;Opposing Fender;Tarmac;Opposing Tarmac;Launchpad;Terminal;Elsewhere,0,0,0,1,24,Traversal,1.0,5,.5,4,4, , , 
aran,qm24,3176,Red,1,1,0,2,0,1,Fender;Opposing Fender;Tarmac;Opposing Tarmac;Launchpad;Terminal;Elsewhere,0,4,0,Fender;Opposing Fender;Tarmac;Opposing Tarmac;Launchpad;Terminal;Elsewhere,1,0,0,0,0,Low,.75,4,0.0,0,3, , , 
aarav,qm24,5010,Blue,1,0,0,1,0,1,Fender;Opposing Fender;Tarmac;Opposing Tarmac;Launchpad;Terminal;Elsewhere,0,0,0,Fender;Opposing Fender;Tarmac;Opposing Tarmac;Launchpad;Terminal;Elsewhere,0,0,1,0,18,High,.75,3,.25,1,3, , , 
jay,qm24,694,Red,2,0,0,4,0,1,Fender;Opposing Fender;Tarmac;Opposing Tarmac;Launchpad;Terminal;Elsewhere,0,9,2,Fender;Opposing Fender;Tarmac;Opposing Tarmac;Launchpad;Terminal;Elsewhere,0,1,1,1,25,Traversal,0.0,0,1.0,5,5, , , 
jason,qm24,624,Blue,3,1,0,5,0,1,Fender;Opposing Fender;Tarmac;Opposing Tarmac;Launchpad;Terminal;Elsewhere,0,4,2,Fender;Opposing Fender;Tarmac;Opposing Tarmac;Launchpad;Terminal;Elsewhere,0,0,0,0,0,No Climb,0.0,0,.5,2,4, ,tipped over :(, 
arav,qm24,180,Blue,2,1,0,0,0,1,Fender;Opposing Fender;Tarmac;Opposing Tarmac;Launchpad;Terminal;Elsewhere,0,7,7,Fender;Opposing Fender;Tarmac;Opposing Tarmac;Launchpad;Terminal;Elsewhere,0,0,0,1,13,Traversal,0.0,0,.25,2,4, , ,The robot broke at the start.
shayaan,qm24,2338,Red,3,1,0,2,0,1,Fender;Opposing Fender;Tarmac;Opposing Tarmac;Launchpad;Terminal;Elsewhere,0,4,3,Fender;Opposing Fender;Tarmac;Opposing Tarmac;Launchpad;Terminal;Elsewhere,0,1,0,0,22,Traversal,0.0,0,.5,1,3, , , 
aran,qm25,27,Red,1,1,0,2,0,1,Fender;Opposing Fender;Tarmac;Opposing Tarmac;Launchpad;Terminal;Elsewhere,0,8,4,Fender;Opposing Fender;Tarmac;Opposing Tarmac;Launchpad;Terminal;Elsewhere,0,1,1,1,13,Traversal,0.0,0,.25,3,4, , , 
arav,qm25,2468,Blue,2,1,0,2,0,1,Fender;Opposing Fender;Tarmac;Opposing Tarmac;Launchpad;Terminal;Elsewhere,0,10,1,Fender;Opposing Fender;Tarmac;Opposing Tarmac;Launchpad;Terminal;Elsewhere,0,0,0,1,21,Traversal,0.0,0,0.0,0,3, , , 
aarav,qm25,325,Blue,1,1,0,1,1,1,Fender;Opposing Fender;Tarmac;Opposing Tarmac;Launchpad;Terminal;Elsewhere,0,1,0,Fender;Opposing Fender;Tarmac;Opposing Tarmac;Launchpad;Terminal;Elsewhere,1,0,0,0,0,No Climb,.5,3,0.0,0,2, , , 
jason,qm25,1023,Blue,3,1,0,1,3,1,Fender;Opposing Fender;Tarmac;Opposing Tarmac;Launchpad;Terminal;Elsewhere,0,16,0,Fender;Opposing Fender;Tarmac;Opposing Tarmac;Launchpad;Terminal;Elsewhere,0,1,0,0,1,Mid,0.0,0,.5,3,3, , , 
shayaan,qm25,5406,Red,3,1,0,3,0,1,Fender;Opposing Fender;Tarmac;Opposing Tarmac;Launchpad;Terminal;Elsewhere,0,7,5,Fender;Opposing Fender;Tarmac;Opposing Tarmac;Launchpad;Terminal;Elsewhere,0,0,0,0,0,No Climb,0.0,0,.5,2,3, , , 
jason,qm26,2767,Red,1,1,0,5,0,1,Fender;Opposing Fender;Tarmac;Opposing Tarmac;Launchpad;Terminal;Elsewhere,0,6,2,Fender;Opposing Fender;Tarmac;Opposing Tarmac;Launchpad;Terminal;Elsewhere,0,0,0,1,15,No Climb,0,0,.75,3,3, , , 
shashwat,qm26,4926,Red,2,1,0,2,0,1,Fender;Opposing Fender;Tarmac;Opposing Tarmac;Launchpad;Terminal;Elsewhere,0,10,3,Fender;Opposing Fender;Tarmac;Opposing Tarmac;Launchpad;Terminal;Elsewhere,0,1,1,1,18,Traversal,0.0,0,.25,4,4, , , 
sarah,qm26,1987,Blue,1,1,0,2,0,1,Elsewhere,0,12,1,Launchpad;Elsewhere,,1,1,,3,Mid,.25,4,0.0,0,4,,,
shayaan,qm26,1533,Red,3,1,0,2,0,1,Fender;Opposing Fender;Tarmac;Opposing Tarmac;Launchpad;Terminal;Elsewhere,0,8,5,Fender;Opposing Fender;Tarmac;Opposing Tarmac;Launchpad;Terminal;Elsewhere,0,0,0,0,0,No Climb,0.0,0,.25,2,2, , , 
sydney,qm26,2075,Blue,2,1,0,4,0,1,Elsewhere,0,14,0,Elsewhere,,1,,,28,Mid,0.0,0,.25,2,3,,,
aman,qm26,3175,Blue,3,1,0,1,0,1,Fender,0,5,1,Fender,,,,,,No Climb,1.0,5,0.0,0,4,,,
shashwat,qm27,5712,Red,2,0,0,0,0,0,Fender;Opposing Fender;Tarmac;Opposing Tarmac;Launchpad;Terminal;Elsewhere,1,7,2,Fender;Opposing Fender;Tarmac;Opposing Tarmac;Launchpad;Terminal;Elsewhere,0,1,1,1,12,Traversal,.5,4,.25,4,4, , , 
sarah,qm27,1339,Blue,1,1,0,2,0,1,Fender;Opposing Fender;Tarmac;Opposing Tarmac;Launchpad;Terminal;Elsewhere,0,16,2,Fender;Opposing Fender;Tarmac;Opposing Tarmac;Launchpad;Terminal;Elsewhere,0,1,1,1,17,Traversal,0.0,0,0.0,0,3, , , 
shayaan,qm27,4028,Red,3,1,0,4,0,1,Fender;Opposing Fender;Tarmac;Opposing Tarmac;Launchpad;Terminal;Elsewhere,0,15,0,Fender;Opposing Fender;Tarmac;Opposing Tarmac;Launchpad;Terminal;Elsewhere,0,0,0,0,0,No Climb,0.0,0,.25,3,4, , , 
jason,qm27,118,Red,1,1,0,0,1,1,Fender;Opposing Fender;Tarmac;Opposing Tarmac;Launchpad;Terminal;Elsewhere,0,9,5,Fender;Opposing Fender;Tarmac;Opposing Tarmac;Launchpad;Terminal;Elsewhere,0,0,0,1,7,Traversal,0.0,0,.5,2,2, , , 
sydney,qm27,1024,Blue,2,1,0,2,0,1,Fender;Opposing Fender;Tarmac;Opposing Tarmac;Launchpad;Terminal;Elsewhere,0,0,0,Fender;Opposing Fender;Tarmac;Opposing Tarmac;Launchpad;Terminal;Elsewhere,0,1,1,0,27,High,1.0,3,0.0,0,3, , , 
arjun,qm27,2363,Blue,3,1,0,3,0,1,Fender;Opposing Fender;Tarmac;Opposing Tarmac,0,19,3,Fender;Opposing Fender;Tarmac;Opposing Tarmac,0,1,0,,,Mid,0.0,0,.25,3,4,,,offensive power house
aman,qm28,1706,Blue,3,1,0,3,2,1,Fender;Opposing Fender;Tarmac;Opposing Tarmac;Launchpad;Terminal;Elsewhere,0,22,2,Fender;Opposing Fender;Tarmac;Opposing Tarmac;Launchpad;Terminal;Elsewhere,1,0,0,0,0,No Climb,0.0,0,0.0,0,4, , , 
shashwat,qm28,2056,Red,2,1,0,4,1,1,Fender;Opposing Fender;Tarmac;Opposing Tarmac;Launchpad;Terminal;Elsewhere,0,7,3,Fender;Opposing Fender;Tarmac;Opposing Tarmac;Launchpad;Terminal;Elsewhere,0,0,0,0,0,No Climb,.25,2,1.0,2,4, , , 
jason,qm28,829,Red,1,1,0,1,0,1,Fender;Opposing Fender;Tarmac;Opposing Tarmac;Launchpad;Terminal;Elsewhere,0,0,0,Fender;Opposing Fender;Tarmac;Opposing Tarmac;Launchpad;Terminal;Elsewhere,0,0,0,1,9,Traversal,1.0,2,0.0,0,1, , , 
sydney,qm28,1732,Blue,2,1,0,0,2,1,Fender;Opposing Fender;Tarmac;Opposing Tarmac;Launchpad;Terminal;Elsewhere,0,9,9,Fender;Opposing Fender;Tarmac;Opposing Tarmac;Launchpad;Terminal;Elsewhere,0,1,0,0,5,Mid,0.0,0,0.0,0,2, , , 
sarah,qm28,4099,Blue,1,1,0,1,1,1,Fender;Opposing Fender;Tarmac;Opposing Tarmac;Launchpad;Terminal;Elsewhere,0,0,0,Fender;Opposing Fender;Tarmac;Opposing Tarmac;Launchpad;Terminal;Elsewhere,0,1,1,1,18,Traversal,1.0,4,0.0,0,4, , , 
shayaan,qm28,4143,Red,3,1,0,1,1,1,Fender;Opposing Fender;Tarmac;Opposing Tarmac;Launchpad;Terminal;Elsewhere,0,13,1,Fender;Opposing Fender;Tarmac;Opposing Tarmac;Launchpad;Terminal;Elsewhere,0,1,1,1,20,Traversal,.25,2,.75,2,3, , , 
shashwat,qm29,180,Red,2,1,0,4,0,1,Fender;Opposing Fender;Tarmac;Opposing Tarmac;Launchpad;Terminal;Elsewhere,0,10,0,Fender;Opposing Fender;Tarmac;Opposing Tarmac;Launchpad;Terminal;Elsewhere,0,1,1,0,8,High,.25,3,1.0,3,4, , , 
jason,qm29,340,Red,1,1,0,2,0,1,Fender;Opposing Fender;Tarmac;Opposing Tarmac;Launchpad;Terminal;Elsewhere,0,12,0,Fender;Opposing Fender;Tarmac;Opposing Tarmac;Launchpad;Terminal;Elsewhere,0,0,0,1,17,Traversal,0.0,0,.5,2,4, , , 
sydney,qm29,5484,Blue,2,1,0,2,0,1,Fender;Opposing Fender;Tarmac;Opposing Tarmac;Launchpad;Terminal;Elsewhere,0,0,0,Fender;Opposing Fender;Tarmac;Opposing Tarmac;Launchpad;Terminal;Elsewhere,0,1,1,1,18,Traversal,1.0,3,0.0,0,2, , , 
shayaan,qm29,2614,Red,3,1,0,2,0,1,Fender;Opposing Fender;Tarmac;Opposing Tarmac;Launchpad;Terminal;Elsewhere,0,3,1,Fender;Opposing Fender;Tarmac;Opposing Tarmac;Launchpad;Terminal;Elsewhere,0,0,0,0,0,No Climb,0.0,0,.75,1,1, , , 
sarah,qm29,624,Blue,1,1,0,4,0,1,Fender;Opposing Fender;Tarmac;Opposing Tarmac;Launchpad;Terminal;Elsewhere,0,13,4,Fender;Opposing Fender;Tarmac;Opposing Tarmac;Launchpad;Terminal;Elsewhere,0,1,1,1,15,Traversal,.25,4,.25,4,4, , , 
arjun,qm29,503,Blue,3,1,0,2,0,1,Fender;Opposing Fender;Tarmac;Opposing Tarmac;Launchpad;Terminal;Elsewhere,0,11,1,Fender;Opposing Fender;Tarmac;Opposing Tarmac;Launchpad;Terminal;Elsewhere,0,1,1,1,0,Traversal,0.0,0,0.0,0,3, ,took a lotta single shots,triple traverse
aman,qm30,195,Blue,3,1,0,3,0,0,Fender;Opposing Fender;Tarmac;Opposing Tarmac;Launchpad;Terminal;Elsewhere,0,10,0,Fender;Opposing Fender;Tarmac;Opposing Tarmac;Launchpad;Terminal;Elsewhere,0,1,1,1,14,Traversal,0.0,0,0.0,0,3,Didn't pick up 2 of their 5 ball auto , , 
jason,qm30,3940,Red,1,1,0,2,0,1,Fender;Opposing Fender;Tarmac;Opposing Tarmac;Launchpad;Terminal;Elsewhere,0,10,2,Fender;Opposing Fender;Tarmac;Opposing Tarmac;Launchpad;Terminal;Elsewhere,0,0,0,1,9,Traversal,0.0,0,.25,2,2, , , 
shayaan,qm30,3357,Red,3,1,0,1,0,1,Fender;Opposing Fender;Tarmac;Opposing Tarmac;Launchpad;Terminal;Elsewhere,0,2,2,Fender;Opposing Fender;Tarmac;Opposing Tarmac;Launchpad;Terminal;Elsewhere,0,1,1,1,26,Traversal,0.0,0,.75,1,2, , , 
shashwat,qm30,33,Red,2,1,0,5,0,0,Fender;Opposing Fender;Tarmac;Opposing Tarmac;Launchpad;Terminal;Elsewhere,0,14,6,Fender;Opposing Fender;Tarmac;Opposing Tarmac;Launchpad;Terminal;Elsewhere,0,0,0,0,0,No Climb,0.0,0,.25,4,4, , , 
sydney,qm30,1720,Blue,2,1,0,2,0,1,Fender;Opposing Fender;Tarmac;Opposing Tarmac;Launchpad;Terminal;Elsewhere,0,3,1,Fender;Opposing Fender;Tarmac;Opposing Tarmac;Launchpad;Terminal;Elsewhere,0,1,0,0,14,Mid,.25,2,.25,2,2, , , 
sarah,qm30,2338,Blue,1,1,0,2,0,1,Fender;Opposing Fender;Tarmac;Opposing Tarmac;Launchpad;Terminal;Elsewhere,0,11,1,Fender;Opposing Fender;Tarmac;Opposing Tarmac;Launchpad;Terminal;Elsewhere,0,1,1,1,19,Traversal,.25,4,0.0,0,4, , , 
sanjay,qm31,7457,Blue,2,1,0,3,0,1,Elsewhere,0,9,0,Elsewhere,,1,1,1,14,Traversal,0.0,0,.5,3,4,,,
aarav,qm31,4635,Red,1,0,0,1,0,1,Fender;Opposing Fender;Tarmac;Opposing Tarmac;Launchpad;Terminal;Elsewhere,0,9,4,Fender;Opposing Fender;Tarmac;Opposing Tarmac;Launchpad;Terminal;Elsewhere,0,0,0,0,0,No Climb,.75,3,.25,2,3, , , 
aidan,qm31,694,Red,3,1,0,2,0,1,Elsewhere,0,9,1,Tarmac;Opposing Tarmac,,1,1,1,24,Traversal,0.0,0,.25,2,2,,,Hunting for balls a lot of the time
aran,qm31,587,Blue,1,1,0,2,0,1,Fender;Opposing Fender;Tarmac;Opposing Tarmac;Launchpad;Terminal;Elsewhere,0,5,5,Fender;Opposing Fender;Tarmac;Opposing Tarmac;Launchpad;Terminal;Elsewhere,0,1,1,1,23,Traversal,0.0,0,.5,2,3, , , 
arav,qm31,62,Red,2,1,0,2,0,1,Elsewhere,0,15,0,Elsewhere,,,0,1,9,Traversal,0.0,0,0.0,0,4,,,
sanjay,qm32,4499,Blue,2,1,0,3,0,0,Fender;Opposing Fender;Tarmac;Opposing Tarmac;Launchpad;Terminal;Elsewhere,0,10,2,Fender;Opposing Fender;Tarmac;Opposing Tarmac;Launchpad;Terminal;Elsewhere,0,1,1,1,16,Traversal,.25,3,.5,4,4, , , 
aidan,qm32,1730,Red,3,1,1,2,0,0,Fender;Opposing Fender;Tarmac;Opposing Tarmac;Launchpad;Terminal;Elsewhere,1,3,4,Fender;Opposing Fender;Tarmac;Opposing Tarmac;Launchpad;Terminal;Elsewhere,0,1,1,0,11,Mid,0.0,0,0.0,0,3, , ,intake compression and shooter tuning seemed off
arav,qm32,5010,Red,2,1,0,1,0,1,Fender;Opposing Fender;Tarmac;Opposing Tarmac;Launchpad;Terminal;Elsewhere,0,8,0,Fender;Opposing Fender;Tarmac;Opposing Tarmac;Launchpad;Terminal;Elsewhere,0,0,1,0,23,High,.5,3,0.0,0,4, , , 
aarav,qm32,3176,Red,1,0,0,0,0,1,Fender;Opposing Fender;Tarmac;Opposing Tarmac;Launchpad;Terminal;Elsewhere,0,10,1,Fender;Opposing Fender;Tarmac;Opposing Tarmac;Launchpad;Terminal;Elsewhere,1,0,0,0,3,Low,.75,3,.5,4,4, , , 
aran,qm32,234,Blue,1,1,0,0,0,1,Fender;Opposing Fender;Tarmac;Opposing Tarmac;Launchpad;Terminal;Elsewhere,0,0,0,Fender;Opposing Fender;Tarmac;Opposing Tarmac;Launchpad;Terminal;Elsewhere,0,0,0,0,0,No Climb,1.0,4,0.0,0,4, , , 
shayaan,qm32,3538,Blue,3,1,0,3,0,1,Fender;Opposing Fender;Tarmac;Opposing Tarmac;Launchpad;Terminal;Elsewhere,0,14,2,Fender;Opposing Fender;Tarmac;Opposing Tarmac;Launchpad;Terminal;Elsewhere,0,1,1,1,10,Traversal,0.0,0,.25,2,4, , , 
aarav,qm33,4143,Red,1,0,0,2,0,1,Fender;Opposing Fender;Tarmac;Opposing Tarmac;Launchpad;Terminal;Elsewhere,0,12,1,Fender;Opposing Fender;Tarmac;Opposing Tarmac;Launchpad;Terminal;Elsewhere,0,0,1,0,9,High,.25,2,.5,4,3, , , 
aidan,qm33,1339,Red,3,1,0,1,0,1,Fender;Opposing Fender;Tarmac;Opposing Tarmac;Launchpad;Terminal;Elsewhere,0,14,0,Fender;Opposing Fender;Tarmac;Opposing Tarmac;Launchpad;Terminal;Elsewhere,0,1,1,1,17,Traversal,0.0,0,0.0,0,4, , , 
arav,qm33,1732,Red,2,1,0,1,2,1,Fender;Opposing Fender;Tarmac;Opposing Tarmac;Launchpad;Terminal;Elsewhere,0,14,4,Fender;Opposing Fender;Tarmac;Opposing Tarmac;Launchpad;Terminal;Elsewhere,1,0,0,0,5,Low,.25,4,.5,3,4, , , 
shayaan,qm33,325,Blue,3,1,0,1,0,1,Fender;Opposing Fender;Tarmac;Opposing Tarmac;Launchpad;Terminal;Elsewhere,0,2,0,Fender;Opposing Fender;Tarmac;Opposing Tarmac;Launchpad;Terminal;Elsewhere,0,0,0,0,0,No Climb,.25,2,.5,2,1, , , 
sanjay,qm33,2767,Blue,2,0,0,1,0,0,Fender;Opposing Fender;Tarmac;Opposing Tarmac;Launchpad;Terminal;Elsewhere,0,10,3,Fender;Opposing Fender;Tarmac;Opposing Tarmac;Launchpad;Terminal;Elsewhere,0,1,1,0,15,High,.75,4,.25,4,4, , , 
aran,qm33,2056,Blue,1,0,0,4,0,1,Fender;Opposing Fender;Tarmac;Opposing Tarmac;Launchpad;Terminal;Elsewhere,0,12,2,Fender;Opposing Fender;Tarmac;Opposing Tarmac;Launchpad;Terminal;Elsewhere,0,1,1,1,14,Traversal,0.0,0,.5,3,5, , , 
aarav,qm34,624,Red,1,0,0,4,0,0,Fender;Opposing Fender;Tarmac;Opposing Tarmac;Launchpad;Terminal;Elsewhere,0,16,1,Fender;Opposing Fender;Tarmac;Opposing Tarmac;Launchpad;Terminal;Elsewhere,0,1,0,0,0,No Climb,.25,1,.25,1,1, , , 
aidan,qm34,4926,Red,3,1,0,2,0,1,Fender;Opposing Fender;Tarmac;Opposing Tarmac;Launchpad;Terminal;Elsewhere,0,0,0,Fender;Opposing Fender;Tarmac;Opposing Tarmac;Launchpad;Terminal;Elsewhere,0,1,1,1,20,High,1.0,2,0.0,0,3, , , 
sanjay,qm34,2363,Blue,2,0,0,2,0,0,Fender;Opposing Fender;Tarmac;Opposing Tarmac;Launchpad;Terminal;Elsewhere,0,14,0,Fender;Opposing Fender;Tarmac;Opposing Tarmac;Launchpad;Terminal;Elsewhere,0,1,1,1,16,Traversal,.75,4,0.0,0,4, , , 
arav,qm34,5406,Red,2,1,0,1,0,1,Fender;Opposing Fender;Tarmac;Opposing Tarmac;Launchpad;Terminal;Elsewhere,0,8,4,Fender;Opposing Fender;Tarmac;Opposing Tarmac;Launchpad;Terminal;Elsewhere,0,0,0,1,9,Traversal,0.0,0,.5,1,3, , , 
shayaan,qm34,180,Blue,3,1,0,5,0,1,Fender;Opposing Fender;Tarmac;Opposing Tarmac;Launchpad;Terminal;Elsewhere,0,20,3,Fender;Opposing Fender;Tarmac;Opposing Tarmac;Launchpad;Terminal;Elsewhere,0,1,0,0,4,Mid,0.0,0,.75,4,4, , , 
aran,qm34,5484,Blue,1,1,0,2,0,1,Fender;Opposing Fender;Tarmac;Opposing Tarmac;Launchpad;Terminal;Elsewhere,0,12,3,Fender;Opposing Fender;Tarmac;Opposing Tarmac;Launchpad;Terminal;Elsewhere,0,1,0,0,6,Mid,0.0,0,.5,2,4, , , 
shayaan,qm35,4099,Blue,3,1,0,1,0,1,Fender;Opposing Fender;Tarmac;Opposing Tarmac;Launchpad;Terminal;Elsewhere,0,0,0,Fender;Opposing Fender;Tarmac;Opposing Tarmac;Launchpad;Terminal;Elsewhere,0,1,1,1,15,Traversal,1.0,5,0.0,0,5, , , 
sanjay,qm35,1533,Blue,2,0,0,0,0,0,Fender;Opposing Fender;Tarmac;Opposing Tarmac;Launchpad;Terminal;Elsewhere,0,8,2,Fender;Opposing Fender;Tarmac;Opposing Tarmac;Launchpad;Terminal;Elsewhere,0,1,0,0,0,Mid,.25,3,.5,4,4, , , 
aran,qm35,33,Blue,1,1,0,1,1,1,Fender;Opposing Fender;Tarmac;Opposing Tarmac;Launchpad;Terminal;Elsewhere,0,10,2,Fender;Opposing Fender;Tarmac;Opposing Tarmac;Launchpad;Terminal;Elsewhere,0,1,1,1,8,Traversal,0.0,0,.25,4,5, , , 
arav,qm35,3940,Red,2,1,0,1,0,1,Fender;Opposing Fender;Tarmac;Opposing Tarmac;Launchpad;Terminal;Elsewhere,0,6,2,Fender;Opposing Fender;Tarmac;Opposing Tarmac;Launchpad;Terminal;Elsewhere,0,0,0,1,18,High,.25,3,.25,2,3, , , 
aarav,qm35,1023,Red,1,0,0,0,0,1,Fender;Opposing Fender;Tarmac;Opposing Tarmac;Launchpad;Terminal;Elsewhere,0,4,4,Fender;Opposing Fender;Tarmac;Opposing Tarmac;Launchpad;Terminal;Elsewhere,0,1,0,0,0,No Climb,0.0,1,.5,1,1, , , 
aidan,qm35,340,Red,3,1,0,3,0,1,Fender;Opposing Fender;Tarmac;Opposing Tarmac;Launchpad;Terminal;Elsewhere,0,4,2,Fender;Opposing Fender;Tarmac;Opposing Tarmac;Launchpad;Terminal;Elsewhere,0,1,1,1,17,Traversal,0.0,0,1.0,2,2, , , 
jason,qm36,1987,Blue,1,1,0,2,0,1,Fender;Opposing Fender;Tarmac;Opposing Tarmac;Launchpad;Terminal;Elsewhere,0,16,0,Fender;Opposing Fender;Tarmac;Opposing Tarmac;Launchpad;Terminal;Elsewhere,0,0,0,1,6,Traversal,.25,2,.25,2,4,spit opp ball into hangar, , 
shashwat,qm36,7457,Blue,2,1,0,2,0,0,Elsewhere,0,8,2,Launchpad;Elsewhere,,1,1,1,8,Traversal,0.0,0,.25,4,4,,,
sarah,qm36,694,Red,1,1,0,4,0,0,Fender;Opposing Fender;Tarmac;Opposing Tarmac;Launchpad;Terminal;Elsewhere,0,6,0,Fender;Opposing Fender;Tarmac;Opposing Tarmac;Launchpad;Terminal;Elsewhere,0,1,1,1,20,Traversal,.25,2,0.0,0,2, ,no balls on their side of field, 
sydney,qm36,2468,Red,2,1,0,2,0,1,Fender;Opposing Fender;Tarmac;Opposing Tarmac;Launchpad;Terminal;Elsewhere,0,11,4,Fender;Opposing Fender;Tarmac;Opposing Tarmac;Launchpad;Terminal;Elsewhere,0,0,0,0,0,No Climb,0.0,0,0.0,0,3, , , 
zac,qm36,1720,Blue,3,0,0,0,0,1,Fender;Opposing Fender;Tarmac;Opposing Tarmac;Launchpad;Terminal;Elsewhere,1,12,2,Fender;Opposing Fender;Tarmac;Opposing Tarmac;Launchpad;Terminal;Elsewhere,0,1,0,0,3,No Climb,0.0,3,0.0,3,2, , , 
arjun,qm36,118,Red,3,1,0,0,0,1,Fender;Opposing Fender;Tarmac;Opposing Tarmac;Launchpad;Terminal;Elsewhere,0,12,2,Fender;Opposing Fender;Tarmac;Opposing Tarmac;Launchpad;Terminal;Elsewhere,0,1,1,1,8,Traversal,0.0,0,0.0,0,2,intook 2 red 2 blue and held them :(, , 
jason,qm37,67,Blue,1,1,0,4,0,1,Fender;Opposing Fender;Tarmac;Opposing Tarmac;Launchpad;Terminal;Elsewhere,0,20,2,Fender;Opposing Fender;Tarmac;Opposing Tarmac;Launchpad;Terminal;Elsewhere,0,0,0,0,0,No Climb,0.0,0,.5,3,4, , , 
aman,qm37,2614,Red,3,1,0,1,0,1,Terminal;Elsewhere,1,3,2,Tarmac;Opposing Tarmac,,1,,,10,Mid,0.0,0,0.0,0,2,,,
sarah,qm37,234,Red,1,1,0,1,1,1,Fender;Opposing Fender;Tarmac;Opposing Tarmac;Launchpad;Terminal;Elsewhere,0,1,1,Fender;Opposing Fender;Tarmac;Opposing Tarmac;Launchpad;Terminal;Elsewhere,0,1,1,1,,No Climb,.25,4,0.0,0,2, , ,they ran into fender for no reason many times
shashwat,qm37,587,Blue,2,1,0,2,0,1,Fender;Opposing Fender;Tarmac;Opposing Tarmac;Launchpad;Terminal;Elsewhere,0,10,4,Fender;Opposing Fender;Tarmac;Opposing Tarmac;Launchpad;Terminal;Elsewhere,0,1,1,1,17,Traversal,0.0,0,.25,4,4, , , 
zac,qm37,3357,Blue,3,1,0,0,2,1,Fender;Opposing Fender;Tarmac;Opposing Tarmac;Launchpad;Terminal;Elsewhere,0,8,3,Fender;Opposing Fender;Tarmac;Opposing Tarmac;Launchpad;Terminal;Elsewhere,0,1,1,1,13,Traversal,0.0,0,.25,2,3, , , 
sydney,qm37,3176,Red,2,1,0,2,0,1,Fender;Opposing Fender;Tarmac;Opposing Tarmac;Launchpad;Terminal;Elsewhere,0,3,2,Fender;Opposing Fender;Tarmac;Opposing Tarmac;Launchpad;Terminal;Elsewhere,0,0,0,0,0,No Climb,.25,2,0.0,0,2, ,Struggled to get the ball, 
jason,qm38,4028,Blue,1,1,0,4,0,1,Fender;Opposing Fender;Tarmac;Opposing Tarmac;Launchpad;Terminal;Elsewhere,0,16,1,Fender;Opposing Fender;Tarmac;Opposing Tarmac;Launchpad;Terminal;Elsewhere,0,0,0,1,24,Traversal,0.0,0,0.0,0,4, , , 
zac,qm38,4635,Blue,3,1,0,2,0,1,Fender;Opposing Fender;Tarmac;Opposing Tarmac;Launchpad;Terminal;Elsewhere,0,14,7,Fender;Opposing Fender;Tarmac;Opposing Tarmac;Launchpad;Terminal;Elsewhere,0,0,0,0,0,No Climb,0.0,0,0.0,0,3, , , 
shashwat,qm38,195,Blue,2,1,0,2,0,0,Fender;Opposing Fender;Tarmac;Opposing Tarmac;Launchpad;Terminal;Elsewhere,1,2,4,Fender;Opposing Fender;Tarmac;Opposing Tarmac;Launchpad;Terminal;Elsewhere,0,1,1,1,17,Traversal,0.0,0,.75,3,4, , , 
sydney,qm38,829,Red,2,1,0,0,0,1,Fender;Opposing Fender;Tarmac;Opposing Tarmac;Launchpad;Terminal;Elsewhere,0,5,2,Fender;Opposing Fender;Tarmac;Opposing Tarmac;Launchpad;Terminal;Elsewhere,0,1,1,1,13,Traversal,0.0,0,0.0,0,3, , , 
sarah,qm38,5010,Red,1,1,0,2,0,1,Fender;Opposing Fender;Tarmac;Opposing Tarmac;Launchpad;Terminal;Elsewhere,0,9,2,Fender;Opposing Fender;Tarmac;Opposing Tarmac;Launchpad;Terminal;Elsewhere,0,0,0,0,0,No Climb,0.0,0,0.0,0,3, ,intake issues looked like, 
arjun,qm38,27,Red,3,0,0,2,0,0,Fender;Opposing Fender;Tarmac;Opposing Tarmac;Launchpad;Terminal;Elsewhere,0,10,2,Fender;Opposing Fender;Tarmac;Opposing Tarmac;Launchpad;Terminal;Elsewhere,0,1,1,1,7,Traversal,0.0,0,0.0,0,4, ,struggled a bit on opposite side of field, 
sarah,qm39,1706,Red,1,1,0,3,0,1,Fender;Opposing Fender;Tarmac;Opposing Tarmac;Launchpad;Terminal;Elsewhere,0,20,4,Fender;Opposing Fender;Tarmac;Opposing Tarmac;Launchpad;Terminal;Elsewhere,0,0,0,0,0,No Climb,0.0,0,.25,4,4, , , 
aman,qm39,3538,Red,3,1,0,2,0,1,Fender;Opposing Fender;Tarmac;Opposing Tarmac;Launchpad;Terminal;Elsewhere,0,13,8,Fender;Opposing Fender;Tarmac;Opposing Tarmac;Launchpad;Terminal;Elsewhere,0,1,1,1,10,Traversal,0.0,0,0.0,0,4, ,Good driving for tank drive, shot fast but missed a lot. Lot of potential
shashwat,qm39,4265,Blue,2,1,0,2,0,1,Fender;Opposing Fender;Tarmac;Opposing Tarmac;Launchpad;Terminal;Elsewhere,0,7,4,Fender;Opposing Fender;Tarmac;Opposing Tarmac;Launchpad;Terminal;Elsewhere,0,0,0,0,0,No Climb,0.0,0,.5,4,4, , , 
jason,qm39,2075,Blue,1,1,0,3,1,1,Fender;Opposing Fender;Tarmac;Opposing Tarmac;Launchpad;Terminal;Elsewhere,0,10,4,Fender;Opposing Fender;Tarmac;Opposing Tarmac;Launchpad;Terminal;Elsewhere,0,0,0,0,0,No Climb,0.0,0,.25,2,3, , , 
zac,qm39,1024,Blue,3,0,0,0,0,1,Fender;Opposing Fender;Tarmac;Opposing Tarmac;Launchpad;Terminal;Elsewhere,0,0,0,Fender;Opposing Fender;Tarmac;Opposing Tarmac;Launchpad;Terminal;Elsewhere,0,1,1,0,30,High,1.0,2,0.0,0,2, , , 
sydney,qm39,3175,Red,2,1,0,0,0,1,Fender;Opposing Fender;Tarmac;Opposing Tarmac;Launchpad;Terminal;Elsewhere,0,0,0,Fender;Opposing Fender;Tarmac;Opposing Tarmac;Launchpad;Terminal;Elsewhere,0,1,0,0,18,No Climb,1.0,4,0.0,0,3,Deposited opposing cargo in their hanger, , 
jason,qm40,2539,Blue,1,1,0,1,0,1,Fender;Opposing Fender;Tarmac;Opposing Tarmac;Launchpad;Terminal;Elsewhere,0,1,1,Fender;Opposing Fender;Tarmac;Opposing Tarmac;Launchpad;Terminal;Elsewhere,0,0,0,1,19,Traversal,.75,2,0.0,0,3, , ,drivetrain kinda weak but can pin
zac,qm40,2338,Blue,3,1,0,1,0,1,Fender;Opposing Fender;Tarmac;Opposing Tarmac;Launchpad;Terminal;Elsewhere,0,1,1,Fender;Opposing Fender;Tarmac;Opposing Tarmac;Launchpad;Terminal;Elsewhere,0,1,1,1,16,Traversal,.75,3,0.0,0,4, , , 
sarah,qm40,5712,Red,1,1,0,0,0,1,Fender;Opposing Fender;Tarmac;Opposing Tarmac;Launchpad;Terminal;Elsewhere,0,11,3,Fender;Opposing Fender;Tarmac;Opposing Tarmac;Launchpad;Terminal;Elsewhere,0,1,1,1,15,Traversal,0.0,0,0.0,0,3, , , 
shashwat,qm40,503,Blue,2,1,0,1,0,1,Fender;Opposing Fender;Tarmac;Opposing Tarmac;Launchpad;Terminal;Elsewhere,1,12,4,Fender;Opposing Fender;Tarmac;Opposing Tarmac;Launchpad;Terminal;Elsewhere,0,0,0,0,0,No Climb,.25,3,.5,3,4, , , 
arjun,qm40,4499,Red,3,1,0,3,1,0,Fender;Opposing Fender;Tarmac;Opposing Tarmac;Launchpad;Terminal;Elsewhere,0,7,2,Fender;Opposing Fender;Tarmac;Opposing Tarmac;Launchpad;Terminal;Elsewhere,0,1,1,1,12,Traversal,0.0,0,1.0,1,3,attempted 5 ball,shot only from launchpad,struggle against defence; always returns to launchpad
sydney,qm40,1730,Red,2,1,0,1,0,1,Fender;Opposing Fender;Tarmac;Opposing Tarmac;Launchpad;Terminal;Elsewhere,0,7,3,Fender;Opposing Fender;Tarmac;Opposing Tarmac;Launchpad;Terminal;Elsewhere,0,1,0,0,8,Mid,.25,2,0.0,0,3, , , 
neel,qm41,1987,Blue,3,1,0,1,0,1,Fender;Opposing Fender;Tarmac;Opposing Tarmac;Launchpad;Terminal;Elsewhere,0,7,2,Fender;Opposing Fender;Tarmac;Opposing Tarmac;Launchpad;Terminal;Elsewhere,0,1,0,0,0,No Climb,0.0,0,.5,2,3, , , 
aidan,qm41,325,Red,3,1,0,1,0,1,Fender;Opposing Fender;Tarmac;Opposing Tarmac;Launchpad;Terminal;Elsewhere,0,0,0,Fender;Opposing Fender;Tarmac;Opposing Tarmac;Launchpad;Terminal;Elsewhere,1,0,0,0,2,Low,1.0,3,0.0,0,3, , ,a bit sluggish drive. swerve makes funny noises. good at drawing penalties off of 118 but not as good at sticking to them
arav,qm42,3357,Blue,2,1,0,1,1,0,Fender;Opposing Fender;Tarmac;Opposing Tarmac;Launchpad;Terminal;Elsewhere,0,0,4,Fender;Opposing Fender;Tarmac;Opposing Tarmac;Launchpad;Terminal;Elsewhere,0,0,0,1,17,Traversal,0.0,0,1.0,0,2, ,Falcons bullied them smh , 
trevor,qm42,5406,Blue,1,1,0,5,0,1,Fender;Opposing Fender;Tarmac;Opposing Tarmac;Launchpad;Terminal;Elsewhere,0,12,0,Fender;Opposing Fender;Tarmac;Opposing Tarmac;Launchpad;Terminal;Elsewhere,0,1,1,1,7,Traversal,0.0,0,0.0,0,4, , ,
aidan,qm42,4143,Red,3,1,0,2,0,1,Fender;Opposing Fender;Tarmac;Opposing Tarmac;Launchpad;Terminal;Elsewhere,0,19,0,Fender;Opposing Fender;Tarmac;Opposing Tarmac;Launchpad;Terminal;Elsewhere,0,0,0,0,0,No Climb,0.0,0,0.0,0,4, , , 
aran,qm42,694,Red,1,1,0,3,2,1,Fender;Opposing Fender;Tarmac;Opposing Tarmac;Launchpad;Terminal;Elsewhere,0,8,1,Fender;Opposing Fender;Tarmac;Opposing Tarmac;Launchpad;Terminal;Elsewhere,0,1,1,0,12,High,0.0,0,.25,3,5, , , 
shayaan,qm42,4099,Red,2,1,0,1,0,1,Fender;Opposing Fender;Tarmac;Opposing Tarmac;Launchpad;Terminal;Elsewhere,0,0,0,Fender;Opposing Fender;Tarmac;Opposing Tarmac;Launchpad;Terminal;Elsewhere,0,0,0,0,0,No Climb,1.0,5,.25,4,5, , , 
neel,qm42,1533,Blue,3,0,0,1,0,1,Fender;Opposing Fender;Tarmac;Opposing Tarmac;Launchpad;Terminal;Elsewhere,0,6,3,Fender;Opposing Fender;Tarmac;Opposing Tarmac;Launchpad;Terminal;Elsewhere,0,1,0,0,0,No Climb,0.0,0,0.0,0,3, , , 
arav,qm43,234,Blue,2,1,0,2,0,1,Fender;Opposing Fender;Tarmac;Opposing Tarmac;Launchpad;Terminal;Elsewhere,0,0,0,Fender;Opposing Fender;Tarmac;Opposing Tarmac;Launchpad;Terminal;Elsewhere,0,0,0,1,30,Traversal,1.0,5,0.0,0,5, , , 
aran,qm43,2468,Red,1,1,0,1,0,1,Fender;Opposing Fender;Tarmac;Opposing Tarmac;Launchpad;Terminal;Elsewhere,0,3,2,Fender;Opposing Fender;Tarmac;Opposing Tarmac;Launchpad;Terminal;Elsewhere,0,1,1,1,20,Traversal,0.0,0,.5,3,3, , , 
trevor,qm43,1339,Blue,1,0,0,4,0,1,Fender;Opposing Fender;Tarmac;Opposing Tarmac;Launchpad;Terminal;Elsewhere,0,13,4,Fender;Opposing Fender;Tarmac;Opposing Tarmac;Launchpad;Terminal;Elsewhere,0,1,1,1,16,Traversal,0.0,0,0.0,0,3, , , 
aidan,qm43,7457,Red,3,1,0,1,0,1,Fender;Opposing Fender;Tarmac;Opposing Tarmac;Launchpad;Terminal;Elsewhere,1,5,1,Fender;Opposing Fender;Tarmac;Opposing Tarmac;Launchpad;Terminal;Elsewhere,0,1,0,0,10,Mid,0.0,0,.5,2,3, , ,browned out about last minute after i think pushing match
shayaan,qm43,180,Red,2,1,0,4,0,1,Fender;Opposing Fender;Tarmac;Opposing Tarmac;Launchpad;Terminal;Elsewhere,0,15,1,Fender;Opposing Fender;Tarmac;Opposing Tarmac;Launchpad;Terminal;Elsewhere,0,1,0,0,3,Mid,0.0,0,.75,2,5, , , 
neel,qm43,1023,Blue,3,1,0,1,0,1,Fender;Opposing Fender;Tarmac;Opposing Tarmac;Launchpad;Terminal;Elsewhere,0,15,1,Fender;Opposing Fender;Tarmac;Opposing Tarmac;Launchpad;Terminal;Elsewhere,0,1,0,0,1,Mid,.25,3,0.0,0,4, , ,Almost fell over at one point
arav,qm44,4028,Blue,2,1,0,1,1,1,Fender;Opposing Fender;Tarmac;Opposing Tarmac;Launchpad;Terminal;Elsewhere,0,10,1,Fender;Opposing Fender;Tarmac;Opposing Tarmac;Launchpad;Terminal;Elsewhere,0,0,0,1,15,Traversal,0.0,0,0.0,0,4, , , 
aran,qm44,195,Red,1,1,0,0,1,1,Fender;Opposing Fender;Tarmac;Opposing Tarmac;Launchpad;Terminal;Elsewhere,0,6,5,Fender;Opposing Fender;Tarmac;Opposing Tarmac;Launchpad;Terminal;Elsewhere,0,1,1,0,10,High,0.0,0,.25,3,4, , , 
shayaan,qm44,3538,Red,2,1,0,2,2,1,Fender;Opposing Fender;Tarmac;Opposing Tarmac;Launchpad;Terminal;Elsewhere,0,13,3,Fender;Opposing Fender;Tarmac;Opposing Tarmac;Launchpad;Terminal;Elsewhere,0,1,1,1,19,Traversal,0.0,0,.5,2,4, , , 
trevor,qm44,2056,Blue,1,1,0,3,0,1,Fender;Opposing Fender;Tarmac;Opposing Tarmac;Launchpad;Terminal;Elsewhere,0,31,0,Fender;Opposing Fender;Tarmac;Opposing Tarmac;Launchpad;Terminal;Elsewhere,0,0,0,0,0,No Climb,0.0,0,0.0,0,5, , , 
aidan,qm44,2075,Red,3,1,0,2,0,1,Fender;Opposing Fender;Tarmac;Opposing Tarmac;Launchpad;Terminal;Elsewhere,0,9,6,Fender;Opposing Fender;Tarmac;Opposing Tarmac;Launchpad;Terminal;Elsewhere,0,0,0,0,0,No Climb,0.0,0,.5,2,3, , ,missed a lot under defense
neel,qm44,587,Blue,3,1,0,1,0,1,Fender;Opposing Fender;Tarmac;Opposing Tarmac;Launchpad;Terminal;Elsewhere,0,4,1,Fender;Opposing Fender;Tarmac;Opposing Tarmac;Launchpad;Terminal;Elsewhere,0,1,1,1,16,Traversal,.5,4,0.0,0,4, , , 
arav,qm45,27,Blue,2,1,0,2,0,1,Fender;Opposing Fender;Tarmac;Opposing Tarmac;Launchpad;Terminal;Elsewhere,0,11,2,Fender;Opposing Fender;Tarmac;Opposing Tarmac;Launchpad;Terminal;Elsewhere,0,0,0,1,14,Traversal,0.0,0,0.0,0,4, , , 
aran,qm45,1024,Red,1,1,0,2,0,1,Fender;Opposing Fender;Tarmac;Opposing Tarmac;Launchpad;Terminal;Elsewhere,0,9,1,Fender;Opposing Fender;Tarmac;Opposing Tarmac;Launchpad;Terminal;Elsewhere,0,1,1,1,36,Traversal,0.0,0,.25,4,3, , , 
aidan,qm45,1720,Red,3,1,0,0,0,1,Fender;Opposing Fender;Tarmac;Opposing Tarmac;Launchpad;Terminal;Elsewhere,0,7,3,Fender;Opposing Fender;Tarmac;Opposing Tarmac;Launchpad;Terminal;Elsewhere,0,0,0,0,0,No Climb,0.0,0,0.0,0,3, , , 
trevor,qm45,4635,Blue,1,1,0,1,0,1,Fender;Opposing Fender;Tarmac;Opposing Tarmac;Launchpad;Terminal;Elsewhere,0,21,8,Fender;Opposing Fender;Tarmac;Opposing Tarmac;Launchpad;Terminal;Elsewhere,0,0,0,0,0,No Climb,0.0,0,0.0,0,4, , , 
shayaan,qm45,1730,Red,2,0,1,1,0,1,Fender;Opposing Fender;Tarmac;Opposing Tarmac;Launchpad;Terminal;Elsewhere,0,8,1,Fender;Opposing Fender;Tarmac;Opposing Tarmac;Launchpad;Terminal;Elsewhere,0,1,1,1,22,Traversal,0.0,0,0.0,0,2, , , 
neel,qm45,624,Blue,3,1,0,5,0,1,Fender;Opposing Fender;Tarmac;Opposing Tarmac;Launchpad;Terminal;Elsewhere,0,10,3,Fender;Opposing Fender;Tarmac;Opposing Tarmac;Launchpad;Terminal;Elsewhere,0,1,1,0,12,No Climb,.25,3,0.0,0,4, , , 
julia,qm46,1732,Blue,3,1,0,2,0,1,Fender;Opposing Fender;Tarmac;Opposing Tarmac;Launchpad;Terminal;Elsewhere,0,13,7,Fender;Opposing Fender;Tarmac;Opposing Tarmac;Launchpad;Terminal;Elsewhere,0,0,0,0,0,No Climb,0.0,0,0.0,0,3, , , 
crystal,qm46,4926,Red,1,1,0,1,0,1,Tarmac,0,6,4,Tarmac;Opposing Tarmac,,1,1,1,22,Traversal,0.0,0,0.0,0,2,,,
sarah,qm46,4499,Blue,1,1,0,4,0,1,Fender;Opposing Fender;Tarmac;Opposing Tarmac;Launchpad;Terminal;Elsewhere,0,11,1,Fender;Opposing Fender;Tarmac;Opposing Tarmac;Launchpad;Terminal;Elsewhere,0,1,1,1,11,Traversal,0.0,0,.5,5,5, , , 
sydney,qm46,2539,Blue,2,1,0,2,0,1,Fender;Opposing Fender;Tarmac;Opposing Tarmac;Launchpad;Terminal;Elsewhere,0,0,0,Fender;Opposing Fender;Tarmac;Opposing Tarmac;Launchpad;Terminal;Elsewhere,0,1,1,1,12,Traversal,1.0,4,0.0,0,4, , , 
rachel,qm46,2338,Red,3,1,0,2,0,1,Elsewhere,0,7,1,Elsewhere,0,1,1,1,21,Traversal,.5,3,0.0,0,3,,,
shashwat,qm46,67,Red,2,1,0,1,0,1,Elsewhere,0,2,2,Elsewhere,1,,,,0,No Climb,0.0,0,1.0,2,3,,,
sarah,qm47,829,Blue,1,1,0,1,1,1,Fender;Opposing Fender;Tarmac;Opposing Tarmac;Launchpad;Terminal;Elsewhere,1,4,5,Fender;Opposing Fender;Tarmac;Opposing Tarmac;Launchpad;Terminal;Elsewhere,0,0,0,0,0,No Climb,.25,2,0.0,0,2, ,shooter issues, 
julia,qm47,3176,Blue,3,1,0,2,0,1,Fender;Opposing Fender;Tarmac;Opposing Tarmac;Launchpad;Terminal;Elsewhere,0,11,0,Fender;Opposing Fender;Tarmac;Opposing Tarmac;Launchpad;Terminal;Elsewhere,1,0,0,0,2,Low,0.0,0,0.0,0,2, , , 
sydney,qm47,33,Blue,2,1,0,5,0,1,Fender;Opposing Fender;Tarmac;Opposing Tarmac;Launchpad;Terminal;Elsewhere,0,8,0,Fender;Opposing Fender;Tarmac;Opposing Tarmac;Launchpad;Terminal;Elsewhere,0,0,0,0,0,No Climb,.75,4,.25,3,4, , , 
rachel,qm47,2363,Red,3,1,0,2,0,1,Fender;Opposing Fender;Tarmac;Opposing Tarmac;Launchpad;Terminal;Elsewhere,0,11,7,Fender;Opposing Fender;Tarmac;Opposing Tarmac;Launchpad;Terminal;Elsewhere,0,1,0,0,1,Mid,0.0,0,.75,3,3, , , 
crystal,qm47,503,Red,1,1,0,2,1,1,Fender;Opposing Fender;Tarmac;Opposing Tarmac;Launchpad;Terminal;Elsewhere,0,8,2,Fender;Opposing Fender;Tarmac;Opposing Tarmac;Launchpad;Terminal;Elsewhere,0,1,1,1,15,Traversal,0.0,0,.5,4,4, , , 
shashwat,qm47,3175,Red,2,1,0,1,0,0,Fender;Opposing Fender;Tarmac;Opposing Tarmac;Launchpad;Terminal;Elsewhere,0,12,2,Fender;Opposing Fender;Tarmac;Opposing Tarmac;Launchpad;Terminal;Elsewhere,1,0,0,0,7,No Climb,0.0,0,.25,3,4, , , 
rachel,qm48,5712,Red,3,1,0,2,0,1,Fender;Opposing Fender;Tarmac;Opposing Tarmac;Launchpad;Terminal;Elsewhere,0,13,2,Fender;Opposing Fender;Tarmac;Opposing Tarmac;Launchpad;Terminal;Elsewhere,0,1,1,1,13,Traversal,0.0,0,0.0,0,3, , , 
sarah,qm48,2767,Blue,1,1,0,3,0,1,Fender;Opposing Fender;Tarmac;Opposing Tarmac;Launchpad;Terminal;Elsewhere,0,17,2,Fender;Opposing Fender;Tarmac;Opposing Tarmac;Launchpad;Terminal;Elsewhere,0,1,1,1,12,Traversal,.25,5,.25,3,5, , , 
crystal,qm48,4265,Red,1,1,0,3,0,1,Fender;Opposing Fender;Tarmac;Opposing Tarmac;Launchpad;Terminal;Elsewhere,0,11,2,Fender;Opposing Fender;Tarmac;Opposing Tarmac;Launchpad;Terminal;Elsewhere,0,0,0,0,0,No Climb,.25,3,0.0,0,3, , , 
sydney,qm48,1706,Blue,2,1,0,2,0,1,Fender;Opposing Fender;Tarmac;Opposing Tarmac;Launchpad;Terminal;Elsewhere,0,18,1,Fender;Opposing Fender;Tarmac;Opposing Tarmac;Launchpad;Terminal;Elsewhere,0,1,0,0,5,Mid,0.0,0,.75,2,3, , , 
shashwat,qm48,2614,Red,2,1,0,2,0,1,Fender;Opposing Fender;Tarmac;Opposing Tarmac;Launchpad;Terminal;Elsewhere,0,4,0,Fender;Opposing Fender;Tarmac;Opposing Tarmac;Launchpad;Terminal;Elsewhere,0,1,1,0,24,High,.25,4,0.0,0,4, , , 
julia,qm48,5010,Blue,3,1,0,0,0,1,Fender;Opposing Fender;Tarmac;Opposing Tarmac;Launchpad;Terminal;Elsewhere,0,1,0,Fender;Opposing Fender;Tarmac;Opposing Tarmac;Launchpad;Terminal;Elsewhere,0,1,0,0,8,Mid,0.0,0,0.0,0,1, , ,did not drive for majority of the match
sarah,qm49,195,Blue,1,1,0,1,0,1,Fender;Opposing Fender;Tarmac;Opposing Tarmac;Launchpad;Terminal;Elsewhere,0,11,2,Fender;Opposing Fender;Tarmac;Opposing Tarmac;Launchpad;Terminal;Elsewhere,0,1,1,0,18,Mid,0.0,0,1.0,3,4, , , 
crystal,qm49,4143,Red,1,1,0,0,0,0,Fender;Opposing Fender;Tarmac;Opposing Tarmac;Launchpad;Terminal;Elsewhere,0,2,0,Fender;Opposing Fender;Tarmac;Opposing Tarmac;Launchpad;Terminal;Elsewhere,0,1,1,1,18,Traversal,.75,4,0.0,0,4, , , 
julia,qm49,694,Blue,3,1,0,5,0,1,Fender;Opposing Fender;Tarmac;Opposing Tarmac;Launchpad;Terminal;Elsewhere,0,14,0,Fender;Opposing Fender;Tarmac;Opposing Tarmac;Launchpad;Terminal;Elsewhere,0,1,1,1,24,Traversal,0.0,0,0.0,0,3, , , 
rachel,qm49,5484,Red,3,1,0,2,0,1,Fender;Opposing Fender;Tarmac;Opposing Tarmac;Launchpad;Terminal;Elsewhere,0,8,0,Fender;Opposing Fender;Tarmac;Opposing Tarmac;Launchpad;Terminal;Elsewhere,0,0,0,0,0,No Climb,.5,2,0.0,0,2, , , 
shashwat,qm49,3536,Red,2,1,0,4,0,0,Fender;Opposing Fender;Tarmac;Opposing Tarmac;Launchpad;Terminal;Elsewhere,0,7,8,Fender;Opposing Fender;Tarmac;Opposing Tarmac;Launchpad;Terminal;Elsewhere,0,1,1,1,14,Traversal,0.0,0,.25,3,3, , , 
sydney,qm49,1023,Blue,2,1,0,2,0,1,Fender;Opposing Fender;Tarmac;Opposing Tarmac;Launchpad;Terminal;Elsewhere,0,16,2,Fender;Opposing Fender;Tarmac;Opposing Tarmac;Launchpad;Terminal;Elsewhere,1,0,0,0,5,Low,0.0,0,0.0,0,4, , , 
sarah,qm50,1730,Blue,1,1,0,1,0,1,Fender;Opposing Fender;Tarmac;Opposing Tarmac;Launchpad;Terminal;Elsewhere,0,10,5,Fender;Opposing Fender;Tarmac;Opposing Tarmac;Launchpad;Terminal;Elsewhere,0,1,1,1,20,Traversal,0.0,0,.25,1,3, , , 
shashwat,qm50,2075,Red,2,1,0,1,0,1,Fender;Opposing Fender;Tarmac;Opposing Tarmac;Launchpad;Terminal;Elsewhere,1,11,3,Fender;Opposing Fender;Tarmac;Opposing Tarmac;Launchpad;Terminal;Elsewhere,0,1,1,1,16,High,0.0,0,.25,4,4, , , 
julia,qm50,180,Blue,3,1,0,4,1,1,Fender;Opposing Fender;Tarmac;Opposing Tarmac;Launchpad;Terminal;Elsewhere,0,25,2,Fender;Opposing Fender;Tarmac;Opposing Tarmac;Launchpad;Terminal;Elsewhere,0,1,0,0,3,Mid,0.0,0,0.0,0,4, , , 
crystal,qm50,7457,Red,1,1,0,5,0,1,Fender;Opposing Fender;Tarmac;Opposing Tarmac;Launchpad;Terminal;Elsewhere,0,14,0,Fender;Opposing Fender;Tarmac;Opposing Tarmac;Launchpad;Terminal;Elsewhere,0,1,1,1,12,Traversal,0.0,0,0.0,0,3, , , 
sydney,qm50,27,Blue,2,1,0,1,0,1,Fender;Opposing Fender;Tarmac;Opposing Tarmac;Launchpad;Terminal;Elsewhere,0,11,2,Fender;Opposing Fender;Tarmac;Opposing Tarmac;Launchpad;Terminal;Elsewhere,0,1,1,1,13,Traversal,0.0,0,0.0,0,3,Shot opposing cargo into upper hub, , 
rachel,qm50,340,Red,3,1,0,1,0,1,Fender;Opposing Fender;Tarmac;Opposing Tarmac;Launchpad;Terminal;Elsewhere,0,12,3,Fender;Opposing Fender;Tarmac;Opposing Tarmac;Launchpad;Terminal;Elsewhere,0,0,0,0,0,No Climb,.25,2,0.0,0,2, , , 
aran,qm51,587,Blue,1,1,0,1,0,1,Elsewhere,0,9,2,Fender;Opposing Fender;Elsewhere,,1,1,1,22,Traversal,0.0,0,.5,3,4,,,
aidan,qm51,3940,Blue,3,1,0,1,0,1,Fender;Opposing Fender;Tarmac;Opposing Tarmac;Launchpad;Terminal;Elsewhere,0,0,0,Fender;Opposing Fender;Tarmac;Opposing Tarmac;Launchpad;Terminal;Elsewhere,0,1,1,1,15,Traversal,1.0,3,0.0,0,3, , , 
trevor,qm51,3357,Red,1,1,0,1,0,1,Fender;Opposing Fender;Tarmac;Opposing Tarmac;Launchpad;Terminal;Elsewhere,0,13,4,Fender;Opposing Fender;Tarmac;Opposing Tarmac;Launchpad;Terminal;Elsewhere,0,1,1,1,13,Traversal,0.0,0,0.0,0,4, , , 
arav,qm51,1987,Red,2,1,0,2,0,1,Elsewhere,0,7,2,Elsewhere,,1,,,,No Climb,.5,3,0.0,0,4,,,Climber broke
aman,qm51,624,Blue,2,1,0,4,1,1,Tarmac;Elsewhere,0,14,8,Tarmac;Opposing Tarmac;Launchpad;Elsewhere,,1,1,,3,Mid,0.0,0,0.0,0,4,,,
neel,qm51,2056,Red,3,1,0,4,0,1,Fender;Opposing Fender;Tarmac;Opposing Tarmac;Launchpad;Terminal;Elsewhere,0,19,3,Fender;Opposing Fender;Tarmac;Opposing Tarmac;Launchpad;Terminal;Elsewhere,1,0,0,0,0,No Climb,0.0,0,.25,4,5, , , 
trevor,qm52,4099,Red,1,1,0,0,1,1,Fender;Opposing Fender;Tarmac;Opposing Tarmac;Launchpad;Terminal;Elsewhere,0,0,0,Fender;Opposing Fender;Tarmac;Opposing Tarmac;Launchpad;Terminal;Elsewhere,0,1,1,1,20,Traversal,1.0,5,0.0,0,5, , ,:)
arav,qm52,4499,Red,2,1,0,5,0,0,Fender;Opposing Fender;Tarmac;Opposing Tarmac;Launchpad;Terminal;Elsewhere,0,15,0,Fender;Opposing Fender;Tarmac;Opposing Tarmac;Launchpad;Terminal;Elsewhere,0,0,0,1,14,Traversal,0.0,0,0.0,0,3, , , 
arjun,qm52,1339,Blue,2,1,0,2,0,1,Fender;Opposing Fender;Tarmac;Opposing Tarmac;Launchpad;Terminal;Elsewhere,0,13,1,Fender;Opposing Fender;Tarmac;Opposing Tarmac;Launchpad;Terminal;Elsewhere,0,1,1,1,12,Traversal,.25,2,.25,1,3,started five-ball side;, ,tank drive i think; super tippy
aran,qm52,3175,Blue,1,1,0,1,0,1,Fender;Opposing Fender;Tarmac;Opposing Tarmac;Launchpad;Terminal;Elsewhere,0,9,2,Fender;Opposing Fender;Tarmac;Opposing Tarmac;Launchpad;Terminal;Elsewhere,0,0,0,1,16,Traversal,0.0,0,.25,3,4, , , 
neel,qm52,503,Red,3,1,0,0,0,1,Fender;Opposing Fender;Tarmac;Opposing Tarmac;Launchpad;Terminal;Elsewhere,0,9,2,Fender;Opposing Fender;Tarmac;Opposing Tarmac;Launchpad;Terminal;Elsewhere,0,1,0,0,0,No Climb,0.0,0,.5,2,3, , ,Shooter had issues in auto
aidan,qm52,118,Blue,3,1,0,3,0,1,Fender;Opposing Fender;Tarmac;Opposing Tarmac;Launchpad;Terminal;Elsewhere,1,7,0,Fender;Opposing Fender;Tarmac;Opposing Tarmac;Launchpad;Terminal;Elsewhere,0,1,1,1,7,Traversal,0.0,0,.75,4,4, , , 
aran,qm53,4028,Blue,1,1,0,4,0,1,Fender;Opposing Fender;Tarmac;Opposing Tarmac;Launchpad;Terminal;Elsewhere,0,10,1,Fender;Opposing Fender;Tarmac;Opposing Tarmac;Launchpad;Terminal;Elsewhere,0,1,1,0,26,High,0.0,0,.5,4,5, , , 
arav,qm53,5712,Red,2,1,0,2,0,1,Fender;Opposing Fender;Tarmac;Opposing Tarmac;Launchpad;Terminal;Elsewhere,0,11,0,Fender;Opposing Fender;Tarmac;Opposing Tarmac;Launchpad;Terminal;Elsewhere,0,0,0,1,9,Traversal,0.0,0,.25,1,3, , , 
aman,qm53,1732,Blue,2,1,0,2,0,1,Fender;Opposing Fender;Tarmac;Opposing Tarmac;Launchpad;Terminal;Elsewhere,0,16,2,Fender;Opposing Fender;Tarmac;Opposing Tarmac;Launchpad;Terminal;Elsewhere,0,1,1,0,4,Mid,0.0,0,0.0,0,3, , , 
trevor,qm53,1720,Red,1,1,0,0,0,1,Fender;Opposing Fender;Tarmac;Opposing Tarmac;Launchpad;Terminal;Elsewhere,0,4,1,Fender;Opposing Fender;Tarmac;Opposing Tarmac;Launchpad;Terminal;Elsewhere,0,1,1,0,18,High,0.0,0,0.0,0,2, , ,Poorly balanced
neel,qm53,5406,Red,3,1,0,4,0,1,Fender;Opposing Fender;Tarmac;Opposing Tarmac;Launchpad;Terminal;Elsewhere,0,4,1,Fender;Opposing Fender;Tarmac;Opposing Tarmac;Launchpad;Terminal;Elsewhere,0,0,0,0,0,No Climb,0,0,0,0,1, , ,Got knocked over
aidan,qm53,2614,Blue,3,1,0,1,0,1,Fender;Opposing Fender;Tarmac;Opposing Tarmac;Launchpad;Terminal;Elsewhere,0,0,1,Fender;Opposing Fender;Tarmac;Opposing Tarmac;Launchpad;Terminal;Elsewhere,0,0,0,0,0,No Climb,1.0,1,0.0,0,2, , ,very smash style defense. pretty decent but low rating bc knocked over 5406. red card. 
aidan,qm54,1533,Blue,3,1,0,1,0,1,Fender;Opposing Fender;Tarmac;Opposing Tarmac;Launchpad;Terminal;Elsewhere,1,10,1,Fender;Opposing Fender;Tarmac;Opposing Tarmac;Launchpad;Terminal;Elsewhere,0,1,1,1,10,Traversal,0.0,0,0.0,0,4, , , 
arav,qm54,5010,Red,2,1,0,2,0,1,Fender;Opposing Fender;Tarmac;Opposing Tarmac;Launchpad;Terminal;Elsewhere,0,0,0,Fender;Opposing Fender;Tarmac;Opposing Tarmac;Launchpad;Terminal;Elsewhere,0,0,0,1,15,Traversal,1.0,2,0.0,0,4, ,I think something broke, 
aran,qm54,2363,Blue,1,1,0,1,1,1,Fender;Opposing Fender;Tarmac;Opposing Tarmac;Launchpad;Terminal;Elsewhere,0,7,1,Fender;Opposing Fender;Tarmac;Opposing Tarmac;Launchpad;Terminal;Elsewhere,0,1,0,0,3,Mid,1.0,3,0.0,0,4, , , 
trevor,qm54,67,Red,1,1,0,4,0,1,Fender;Opposing Fender;Tarmac;Opposing Tarmac;Launchpad;Terminal;Elsewhere,0,15,3,Fender;Opposing Fender;Tarmac;Opposing Tarmac;Launchpad;Terminal;Elsewhere,0,0,0,0,0,No Climb,0.0,0,.5,3,3, , , 
neel,qm54,1024,Red,3,1,0,2,0,1,Fender;Opposing Fender;Tarmac;Opposing Tarmac;Launchpad;Terminal;Elsewhere,0,4,1,Fender;Opposing Fender;Tarmac;Opposing Tarmac;Launchpad;Terminal;Elsewhere,0,1,1,1,17,Traversal,.5,3,0.0,0,4, , , 
arjun,qm54,2468,Blue,2,1,0,2,3,0,Fender;Opposing Fender;Tarmac;Opposing Tarmac;Launchpad;Terminal;Elsewhere,0,6,1,Fender;Opposing Fender;Tarmac;Opposing Tarmac;Launchpad;Terminal;Elsewhere,0,1,1,1,16,Traversal,0.0,0,.75,2,2,started 5-ball spot, ,they can get away from defence
trevor,qm55,2539,Red,1,1,0,2,0,1,Fender;Opposing Fender;Tarmac;Opposing Tarmac;Launchpad;Terminal;Elsewhere,0,0,0,Fender;Opposing Fender;Tarmac;Opposing Tarmac;Launchpad;Terminal;Elsewhere,0,1,1,1,11,Traversal,1.0,4,0.0,0,4, , , 
arav,qm55,33,Red,2,1,0,4,1,1,Fender;Opposing Fender;Tarmac;Opposing Tarmac;Launchpad;Terminal;Elsewhere,0,12,6,Fender;Opposing Fender;Tarmac;Opposing Tarmac;Launchpad;Terminal;Elsewhere,0,0,0,0,0,No Climb,0.0,0,.75,3,4, , , 
aman,qm55,1706,Blue,2,1,0,1,0,1,Elsewhere,0,11,5,Tarmac;Opposing Tarmac;Elsewhere,,1,,,2,Mid,0.0,0,1.0,2,3,Got tangled with alliance bot,,
aidan,qm55,4635,Blue,3,1,0,2,0,0,Fender;Opposing Fender;Tarmac;Opposing Tarmac;Launchpad;Terminal;Elsewhere,0,6,8,Fender;Opposing Fender;Tarmac;Opposing Tarmac;Launchpad;Terminal;Elsewhere,0,1,1,0,0,No Climb,0.0,0,0.0,0,4,hit 1706, ,climber broke
neel,qm55,2767,Red,3,1,0,1,0,0,Fender;Opposing Fender;Tarmac;Opposing Tarmac;Launchpad;Terminal;Elsewhere,0,10,0,Fender;Opposing Fender;Tarmac;Opposing Tarmac;Launchpad;Terminal;Elsewhere,0,1,1,1,18,Traversal,.5,4,0.0,0,4, , , 
aran,qm55,3176,Blue,1,1,0,0,1,1,Fender;Opposing Fender;Tarmac;Opposing Tarmac;Launchpad;Terminal;Elsewhere,0,3,1,Fender;Opposing Fender;Tarmac;Opposing Tarmac;Launchpad;Terminal;Elsewhere,1,0,0,0,6,Low,1.0,2,0.0,0,3, , , 
julia,qm56,829,Red,3,1,0,2,0,1,Fender;Opposing Fender;Tarmac;Opposing Tarmac;Launchpad;Terminal;Elsewhere,0,11,2,Fender;Opposing Fender;Tarmac;Opposing Tarmac;Launchpad;Terminal;Elsewhere,1,0,0,0,3,Low,0.0,0,0.0,0,1, , , 
sarah,qm56,2338,Red,1,1,0,3,2,1,Elsewhere,0,14,1,Launchpad;Elsewhere,,1,1,1,27,Traversal,0.0,0,0.0,0,3,,,
rachel,qm56,4926,Blue,3,1,0,1,1,1,Fender;Opposing Fender;Tarmac;Opposing Tarmac;Launchpad;Terminal;Elsewhere,0,6,2,Fender;Opposing Fender;Tarmac;Opposing Tarmac;Launchpad;Terminal;Elsewhere,0,0,1,0,15,High,.25,1,.5,1,2, , , 
crystal,qm56,4265,Blue,1,1,0,3,0,1,Elsewhere,0,17,1,Elsewhere,,1,,,2,Mid,0.0,0,0.0,0,3,,,
sydney,qm56,234,Red,2,1,0,2,0,1,Fender;Opposing Fender;Tarmac;Opposing Tarmac;Launchpad;Terminal;Elsewhere,0,0,0,Fender;Opposing Fender;Tarmac;Opposing Tarmac;Launchpad;Terminal;Elsewhere,0,1,1,1,32,Traversal,.75,2,0.0,0,2, , , 
shashwat,qm56,325,Blue,2,0,0,0,0,0,,0,2,0,Elsewhere,,,,,0,No Climb,0.0,0,0.0,0,1,,,Drivetrain stopped working
shayaan,qm56,2338,Red,1,1,0,2,0,0,Tarmac;Elsewhere,0,14,2,Tarmac;Launchpad;Elsewhere,,1,,,8,Mid,0.0,0,.25,3,3,,,
crystal,qm57,624,Blue,1,1,0,5,0,1,Fender;Opposing Fender;Tarmac;Opposing Tarmac;Launchpad;Terminal;Elsewhere,0,14,6,Fender;Opposing Fender;Tarmac;Opposing Tarmac;Launchpad;Terminal;Elsewhere,0,1,1,0,16,Mid,0.0,0,0.0,0,4, , , 
crystal,qm58,340,Blue,1,1,0,1,0,1,Fender;Opposing Fender;Tarmac;Opposing Tarmac;Launchpad;Terminal;Elsewhere,1,11,3,Fender;Opposing Fender;Tarmac;Opposing Tarmac;Launchpad;Terminal;Elsewhere,0,1,1,1,17,Traversal,0.0,0,0.0,0,3, , , 
crystal,qm59,1024,Blue,1,1,0,2,0,1,Fender;Opposing Fender;Tarmac;Opposing Tarmac;Launchpad;Terminal;Elsewhere,0,10,1,Fender;Opposing Fender;Tarmac;Opposing Tarmac;Launchpad;Terminal;Elsewhere,0,1,1,0,15,High,0.0,0,0.0,0,2, , , 
crystal,qm60,2075,Blue,1,1,0,2,0,1,Fender;Opposing Fender;Tarmac;Opposing Tarmac;Launchpad;Terminal;Elsewhere,0,18,1,Fender;Opposing Fender;Tarmac;Opposing Tarmac;Launchpad;Terminal;Elsewhere,0,0,0,0,0,No Climb,0.0,0,0.0,0,3, , , 
shayaan,qm57,27,Red,1,1,0,2,0,1,Fender;Opposing Fender;Tarmac;Opposing Tarmac;Launchpad;Terminal;Elsewhere,0,8,1,Fender;Opposing Fender;Tarmac;Opposing Tarmac;Launchpad;Terminal;Elsewhere,0,1,1,1,9,Traversal,0.0,0,.25,2,2, , , 
shayaan,qm58,1732,Red,1,0,0,5,0,1,Fender;Opposing Fender;Tarmac;Opposing Tarmac;Launchpad;Terminal;Elsewhere,0,10,2,Fender;Opposing Fender;Tarmac;Opposing Tarmac;Launchpad;Terminal;Elsewhere,0,1,0,0,25,Mid,0.0,0,.5,2,3, , , 
shayaan,qm59,180,Red,1,1,0,4,0,1,Fender;Opposing Fender;Tarmac;Opposing Tarmac;Launchpad;Terminal;Elsewhere,0,20,2,Fender;Opposing Fender;Tarmac;Opposing Tarmac;Launchpad;Terminal;Elsewhere,0,0,0,0,0,No Climb,0.0,0,.75,3,4, , , 
shayaan,qm60,1720,Red,1,1,0,0,0,1,Fender;Opposing Fender;Tarmac;Opposing Tarmac;Launchpad;Terminal;Elsewhere,0,2,1,Fender;Opposing Fender;Tarmac;Opposing Tarmac;Launchpad;Terminal;Elsewhere,0,0,0,0,0,No Climb,0.0,0,1.0,1,1, ,was defended very well by 4099, 
sarah,qm57,27,Red,1,1,0,2,0,1,Fender;Opposing Fender;Tarmac;Opposing Tarmac;Launchpad;Terminal;Elsewhere,0,7,0,Fender;Opposing Fender;Tarmac;Opposing Tarmac;Launchpad;Terminal;Elsewhere,0,1,1,1,8,Traversal,.25,2,.25,2,3, , , 
sarah,qm58,1732,Red,1,1,0,5,0,1,Fender;Opposing Fender;Tarmac;Opposing Tarmac;Launchpad;Terminal;Elsewhere,0,12,2,Fender;Opposing Fender;Tarmac;Opposing Tarmac;Launchpad;Terminal;Elsewhere,0,1,1,0,20,Mid,0.0,0,.25,4,3, , , 
sarah,qm59,180,Red,1,1,0,2,0,1,Fender;Opposing Fender;Tarmac;Opposing Tarmac;Launchpad;Terminal;Elsewhere,0,18,3,Fender;Opposing Fender;Tarmac;Opposing Tarmac;Launchpad;Terminal;Elsewhere,0,0,0,0,0,No Climb,0.0,0,.25,3,5, , , 
sarah,qm60,1720,Red,1,1,0,0,0,1,Fender;Opposing Fender;Tarmac;Opposing Tarmac;Launchpad;Terminal;Elsewhere,0,3,0,Fender;Opposing Fender;Tarmac;Opposing Tarmac;Launchpad;Terminal;Elsewhere,0,0,0,0,0,No Climb,0.0,0,.75,1,3, ,didnt move after defense,shut down by us
shashwat,qm57,4143,Blue,2,1,0,2,0,1,Fender;Opposing Fender;Tarmac;Opposing Tarmac;Launchpad;Terminal;Elsewhere,1,7,3,Fender;Opposing Fender;Tarmac;Opposing Tarmac;Launchpad;Terminal;Elsewhere,0,1,0,0,18,Mid,.25,4,.25,3,4, , , 
shashwat,qm58,1987,Blue,2,1,0,2,0,1,Fender;Opposing Fender;Tarmac;Opposing Tarmac;Launchpad;Terminal;Elsewhere,0,9,0,Fender;Opposing Fender;Tarmac;Opposing Tarmac;Launchpad;Terminal;Elsewhere,0,0,0,0,0,No Climb,0.0,0,.25,3,4, , , 
shashwat,qm59,2614,Blue,2,1,0,1,0,1,Fender;Opposing Fender;Tarmac;Opposing Tarmac;Launchpad;Terminal;Elsewhere,0,2,2,Fender;Opposing Fender;Tarmac;Opposing Tarmac;Launchpad;Terminal;Elsewhere,0,0,0,0,0,No Climb,.5,1,0.0,0,2, , , 
shashwat,qm60,67,Blue,2,0,0,3,0,0,Fender;Opposing Fender;Tarmac;Opposing Tarmac;Launchpad;Terminal;Elsewhere,0,15,1,Fender;Opposing Fender;Tarmac;Opposing Tarmac;Launchpad;Terminal;Elsewhere,0,0,0,0,0,No Climb,.25,3,.5,4,4, , , 
julia,qm59,2056,Red,3,1,0,5,0,1,Fender;Opposing Fender;Tarmac;Opposing Tarmac;Launchpad;Terminal;Elsewhere,0,18,2,Fender;Opposing Fender;Tarmac;Opposing Tarmac;Launchpad;Terminal;Elsewhere,0,1,0,0,15,Mid,0.0,0,0.0,0,3, , , 
julia,qm57,587,Red,3,1,0,0,2,1,Fender;Opposing Fender;Tarmac;Opposing Tarmac;Launchpad;Terminal;Elsewhere,0,13,3,Fender;Opposing Fender;Tarmac;Opposing Tarmac;Launchpad;Terminal;Elsewhere,0,0,0,0,0,No Climb,0.0,0,0.0,0,3,shot towards terminal instead of hub, , 
julia,qm58,1023,Red,3,1,0,1,0,1,Fender;Opposing Fender;Tarmac;Opposing Tarmac;Launchpad;Terminal;Elsewhere,0,7,9,Fender;Opposing Fender;Tarmac;Opposing Tarmac;Launchpad;Terminal;Elsewhere,0,0,0,0,0,No Climb,0.0,0,0.0,0,3, , , 
julia,qm60,3176,Red,3,1,0,3,0,1,Fender;Opposing Fender;Tarmac;Opposing Tarmac;Launchpad;Terminal;Elsewhere,2,8,4,Fender;Opposing Fender;Tarmac;Opposing Tarmac;Launchpad;Terminal;Elsewhere,0,0,0,0,0,No Climb,0.0,0,0.0,0,3, , , 
rachel,qm57,3175,Blue,3,1,0,2,0,1,Fender;Opposing Fender;Tarmac;Opposing Tarmac;Launchpad;Terminal;Elsewhere,0,0,0,Fender;Opposing Fender;Tarmac;Opposing Tarmac;Launchpad;Terminal;Elsewhere,0,0,0,0,0,No Climb,1.0,4,0.0,0,4, , ,something on their drivetrain broke midway but otherwise really good def
rachel,qm59,4499,Blue,3,1,0,3,1,1,Fender;Opposing Fender;Tarmac;Opposing Tarmac;Launchpad;Terminal;Elsewhere,0,18,1,Fender;Opposing Fender;Tarmac;Opposing Tarmac;Launchpad;Terminal;Elsewhere,0,1,1,1,10,Traversal,0.0,0,0.0,0,4, , , 
rachel,qm58,694,Blue,3,1,0,5,0,0,Fender;Opposing Fender;Tarmac;Opposing Tarmac;Launchpad;Terminal;Elsewhere,0,10,1,Fender;Opposing Fender;Tarmac;Opposing Tarmac;Launchpad;Terminal;Elsewhere,0,1,1,1,18,Traversal,0.0,0,.5,1,2, , , 
rachel,qm60,4099,Blue,3,1,0,0,1,1,Fender;Opposing Fender;Tarmac;Opposing Tarmac;Launchpad;Terminal;Elsewhere,0,0,0,Fender;Opposing Fender;Tarmac;Opposing Tarmac;Launchpad;Terminal;Elsewhere,0,1,1,1,20,Traversal,1.0,5,0.0,0,5, , , 
sydney,qm60,5484,Red,2,1,0,2,0,1,Fender;Opposing Fender;Tarmac;Opposing Tarmac;Launchpad;Terminal;Elsewhere,0,7,1,Fender;Opposing Fender;Tarmac;Opposing Tarmac;Launchpad;Terminal;Elsewhere,0,1,1,1,18,Traversal,.25,1,.25,2,2, , , 
sydney,qm59,1533,Red,2,1,0,3,0,1,Fender;Opposing Fender;Tarmac;Opposing Tarmac;Launchpad;Terminal;Elsewhere,0,8,5,Fender;Opposing Fender;Tarmac;Opposing Tarmac;Launchpad;Terminal;Elsewhere,0,1,1,1,16,Traversal,0.0,0,0.0,0,3, ,Delayed start, 
sydney,qm58,5712,Red,2,1,0,2,0,1,Fender;Opposing Fender;Tarmac;Opposing Tarmac;Launchpad;Terminal;Elsewhere,0,13,2,Fender;Opposing Fender;Tarmac;Opposing Tarmac;Launchpad;Terminal;Elsewhere,0,1,1,1,17,Traversal,0.0,0,.25,3,3, , , 
sydney,qm57,118,Red,2,1,0,2,0,1,Fender;Opposing Fender;Tarmac;Opposing Tarmac;Launchpad;Terminal;Elsewhere,0,8,2,Fender;Opposing Fender;Tarmac;Opposing Tarmac;Launchpad;Terminal;Elsewhere,0,1,1,1,9,Traversal,0.0,0,.5,2,3, , , 
sanjay,qm12,5484,Blue,1,1,0,1,0,1,Tarmac,0,0,0,,,1,1,1,15,Traversal,1.0,3,0.0,0,3,,,
shayaan,qm12,2767,Red,2,1,0,2,0,1,Tarmac;Elsewhere,0,15,0,Tarmac;Opposing Tarmac;Elsewhere,,1,1,1,13,Traversal,0.0,0,.25,2,4,,,
jay,qm12,4499,Red,1,0,0,1,0,0,Tarmac,0,10,1,Tarmac;Opposing Tarmac,1,1,1,1,22,Traversal,.75,4,.25,3,4,,,
sanjay,qm12,829,Blue,3,1,0,2,0,1,Fender;Opposing Fender;Tarmac;Opposing Tarmac;Launchpad;Terminal;Elsewhere,0,4,0,Fender;Opposing Fender;Tarmac;Opposing Tarmac;Launchpad;Terminal;Elsewhere,0,0,0,0,0,No Climb,1.0,3,0.0,0,2, , ,
pranav,qm12,694,Blue,2,1,0,4,0,1,Fender;Opposing Fender;Tarmac;Opposing Tarmac;Launchpad;Terminal;Elsewhere,0,12,0,Fender;Opposing Fender;Tarmac;Opposing Tarmac;Launchpad;Terminal;Elsewhere,0,1,1,0,20,High,0.0,0,0.0,0,3, , , 
matthew,qm12,5484,Blue,1,1,0,1,0,1,Tarmac,0,0,0,,,1,1,1,15,Traversal,1.0,3,0.0,0,3,,,
aarav,qm12,2468,Red,3,1,0,1,0,1,Fender;Opposing Fender;Tarmac;Opposing Tarmac;Launchpad;Terminal;Elsewhere,0,9,0,Fender;Opposing Fender;Tarmac;Opposing Tarmac;Launchpad;Terminal;Elsewhere,1,0,0,0,5,No Climb,0.0,0,0.0,0,3, , , 
